partition,scope,outcome,group,raw_mean,adjusted_mean
long_k10,test,jaccard,0.0,0.5517559843894924,0.55790676911784
long_k10,test,jaccard,1.0,0.4731494659109167,0.49011438512168515
long_k10,test,jaccard,2.0,0.5058996605011686,0.5110945068479282
long_k10,test,jaccard,3.0,0.4989121995815928,0.5112949847014276
long_k10,test,jaccard,4.0,0.5356305641443991,0.506328743175209
long_k10,test,jaccard,5.0,0.5219106840306494,0.5111205236424694
long_k10,test,jaccard,6.0,0.47456169589571995,0.5132899306615923
long_k10,test,jaccard,7.0,0.5355503650945046,0.5598128744266673
long_k10,test,jaccard,8.0,0.5064043015977873,0.5387314156062013
long_k10,test,jaccard,9.0,0.5432338934945935,0.5330821896674849
long_k10,test,f1,0.0,0.7012847288639232,0.7071966819533432
long_k10,test,f1,1.0,0.6343337018216998,0.6498380485872034
long_k10,test,f1,2.0,0.6638666697556663,0.6683800250023967
long_k10,test,f1,3.0,0.6584604569720848,0.6699580851844119
long_k10,test,f1,4.0,0.6904990367785055,0.6635404355617212
long_k10,test,f1,5.0,0.6786328167594432,0.668620065453383
long_k10,test,f1,6.0,0.6333293207694224,0.668221883878684
long_k10,test,f1,7.0,0.6860402843402347,0.7091696516416268
long_k10,test,f1,8.0,0.6629463127448961,0.6923694324186191
long_k10,test,f1,9.0,0.6962043485095329,0.6872695340128673
long_k10,test,ddi_rate_visit,0.0,0.08077352871950481,0.07948135517935133
long_k10,test,ddi_rate_visit,1.0,0.06394070434254347,0.062351248316727184
long_k10,test,ddi_rate_visit,2.0,0.07094486593115557,0.07114334407413718
long_k10,test,ddi_rate_visit,3.0,0.07056094280484045,0.06897155351752239
long_k10,test,ddi_rate_visit,4.0,0.06836753698148773,0.07141789401011545
long_k10,test,ddi_rate_visit,5.0,0.06436870314375186,0.06590780455862306
long_k10,test,ddi_rate_visit,6.0,0.057100429906831514,0.054840049390701
long_k10,test,ddi_rate_visit,7.0,0.04412088006633222,0.03899528750101453
long_k10,test,ddi_rate_visit,8.0,0.05157649296831118,0.048934112404778185
long_k10,test,ddi_rate_visit,9.0,0.06812460157495713,0.0680600656831
long_k10,test+eval,jaccard,0.0,0.5519288717861459,0.5601989448759004
long_k10,test+eval,jaccard,1.0,0.4892212349900348,0.4963673659684811
long_k10,test+eval,jaccard,2.0,0.5030809244271964,0.5054159460134559
long_k10,test+eval,jaccard,3.0,0.49281735150806766,0.5074221063733277
long_k10,test+eval,jaccard,4.0,0.5300198300820356,0.504196879627698
long_k10,test+eval,jaccard,5.0,0.527004494987425,0.5098042496179929
long_k10,test+eval,jaccard,6.0,0.47098005200848225,0.5158999595409914
long_k10,test+eval,jaccard,7.0,0.5427248057645521,0.5694410840804999
long_k10,test+eval,jaccard,8.0,0.5148316234368719,0.5474132820440112
long_k10,test+eval,jaccard,9.0,0.5393427863992335,0.5334597675794185
long_k10,test+eval,f1,0.0,0.701280439399828,0.7093154596951783
long_k10,test+eval,f1,1.0,0.649070236229819,0.6560892523949449
long_k10,test+eval,f1,2.0,0.6614908117951611,0.6634121752492885
long_k10,test+eval,f1,3.0,0.6522776674254461,0.6659923027872996
long_k10,test+eval,f1,4.0,0.6863021072227462,0.6619272849081199
long_k10,test+eval,f1,5.0,0.6831096289748285,0.66695311279206
long_k10,test+eval,f1,6.0,0.6294383337231881,0.6701714688736387
long_k10,test+eval,f1,7.0,0.693892889445857,0.7203996618068835
long_k10,test+eval,f1,8.0,0.6695758250124464,0.6997289642959841
long_k10,test+eval,f1,9.0,0.6927396031557934,0.6876881464184772
long_k10,test+eval,ddi_rate_visit,0.0,0.07695869523137784,0.07604637557556479
long_k10,test+eval,ddi_rate_visit,1.0,0.06262548325658407,0.0617673264324472
long_k10,test+eval,ddi_rate_visit,2.0,0.07114849479522074,0.07122717887512685
long_k10,test+eval,ddi_rate_visit,3.0,0.06871293554125542,0.06756309905200489
long_k10,test+eval,ddi_rate_visit,4.0,0.06711119150062371,0.06926405426085311
long_k10,test+eval,ddi_rate_visit,5.0,0.06379341302268554,0.06515014953125668
long_k10,test+eval,ddi_rate_visit,6.0,0.05632745350763808,0.054202510037088814
long_k10,test+eval,ddi_rate_visit,7.0,0.05209737778615053,0.04862423622188368
long_k10,test+eval,ddi_rate_visit,8.0,0.055328109497623824,0.05319440316636838
long_k10,test+eval,ddi_rate_visit,9.0,0.06586928749136682,0.06587275036051098
short_k10,test,jaccard,0.0,0.5647950856724773,0.5617306724804374
short_k10,test,jaccard,1.0,0.5345897518813394,0.5104275036861108
short_k10,test,jaccard,2.0,0.5192765987905343,0.5197242615583427
short_k10,test,jaccard,3.0,0.5053198580859047,0.5460873820953889
short_k10,test,jaccard,4.0,0.49998058315879607,0.5060083845528581
short_k10,test,jaccard,5.0,0.5119890877527146,0.5152198428203514
short_k10,test,jaccard,6.0,0.48084843662573706,0.5079759229953298
short_k10,test,jaccard,7.0,0.5291497547749542,0.5147411825012994
short_k10,test,jaccard,8.0,0.49151717208520246,0.5136656924629915
short_k10,test,jaccard,9.0,0.5403561095526264,0.5708230518381976
short_k10,test,f1,0.0,0.7112676998975823,0.7092963618403871
short_k10,test,f1,1.0,0.6903362644649566,0.6679833467631996
short_k10,test,f1,2.0,0.6737865363362745,0.6741926864470363
short_k10,test,f1,3.0,0.6624714222521876,0.6995080275740881
short_k10,test,f1,4.0,0.6587877937262215,0.6643762248985355
short_k10,test,f1,5.0,0.6692047218350803,0.6728008109972664
short_k10,test,f1,6.0,0.6404313171450225,0.6652668150851182
short_k10,test,f1,7.0,0.6850641139534652,0.6716314864049008
short_k10,test,f1,8.0,0.6504465023806577,0.6706839685355256
short_k10,test,f1,9.0,0.6924769798090111,0.7217780957388437
short_k10,test,ddi_rate_visit,0.0,0.07484599914352154,0.07417935261592302
short_k10,test,ddi_rate_visit,1.0,0.07030746864241205,0.07170807423619384
short_k10,test,ddi_rate_visit,2.0,0.07159384720503462,0.07155569264403813
short_k10,test,ddi_rate_visit,3.0,0.05283859068718741,0.05116233486074922
short_k10,test,ddi_rate_visit,4.0,0.05980925524985729,0.05945065126077804
short_k10,test,ddi_rate_visit,5.0,0.0751296084672997,0.07438087765379736
short_k10,test,ddi_rate_visit,6.0,0.06294116372281904,0.06163734516236596
short_k10,test,ddi_rate_visit,7.0,0.06311679973386031,0.06403773274804422
short_k10,test,ddi_rate_visit,8.0,0.06706633095711022,0.06603965246413503
short_k10,test,ddi_rate_visit,9.0,0.050318742065167045,0.0475308844195613
short_k10,test+eval,jaccard,0.0,0.5596653171829375,0.5636863562525118
short_k10,test+eval,jaccard,1.0,0.5322209798211501,0.5108446126627435
short_k10,test+eval,jaccard,2.0,0.5098388267157927,0.511674433161047
short_k10,test+eval,jaccard,3.0,0.5279488729314912,0.5585333735077745
short_k10,test+eval,jaccard,4.0,0.49962903966309163,0.5035571021660851
short_k10,test+eval,jaccard,5.0,0.5125575576349464,0.520324730541909
short_k10,test+eval,jaccard,6.0,0.4862208701905707,0.5130085365827325
short_k10,test+eval,jaccard,7.0,0.5336129376160107,0.5153542251506916
short_k10,test+eval,jaccard,8.0,0.49284378773949955,0.5116608329944511
short_k10,test+eval,jaccard,9.0,0.53706470851764,0.5674960357537612
short_k10,test+eval,f1,0.0,0.707063452743271,0.7115893413030416
short_k10,test+eval,f1,1.0,0.6886116045723454,0.6685441508073362
short_k10,test+eval,f1,2.0,0.6661856759047425,0.6677610996771444
short_k10,test+eval,f1,3.0,0.681696223800869,0.7098709003372263
short_k10,test+eval,f1,4.0,0.6584654474140473,0.6622168068235789
short_k10,test+eval,f1,5.0,0.6676388061388919,0.6755020852204148
short_k10,test+eval,f1,6.0,0.645272207544656,0.6700349300339518
short_k10,test+eval,f1,7.0,0.6891428432230026,0.6720506259727532
short_k10,test+eval,f1,8.0,0.6513400175553411,0.6686464351193824
short_k10,test+eval,f1,9.0,0.6883307209117208,0.7181737999139685
short_k10,test+eval,ddi_rate_visit,0.0,0.07300604337719875,0.07266480515443312
short_k10,test+eval,ddi_rate_visit,1.0,0.06885068814617974,0.06969343260198349
short_k10,test+eval,ddi_rate_visit,2.0,0.0721611948784906,0.07209587131238793
short_k10,test+eval,ddi_rate_visit,3.0,0.0558691003655177,0.05476270497669777
short_k10,test+eval,ddi_rate_visit,4.0,0.05804862238563946,0.057881850179144954
short_k10,test+eval,ddi_rate_visit,5.0,0.07361407859318694,0.07321342053780433
short_k10,test+eval,ddi_rate_visit,6.0,0.06123790914002686,0.06028041903372621
short_k10,test+eval,ddi_rate_visit,7.0,0.062069799480791964,0.06276927454894705
short_k10,test+eval,ddi_rate_visit,8.0,0.06668095185694413,0.06602451664856085
short_k10,test+eval,ddi_rate_visit,9.0,0.05519048458376222,0.05384976886608099
concise_k10,test,jaccard,0.0,0.5158842902834918,0.5108404800724861
concise_k10,test,jaccard,1.0,0.5044453163357149,0.524636006472757
concise_k10,test,jaccard,2.0,0.5278530524670395,0.5039387590600881
concise_k10,test,jaccard,3.0,0.4845646776561397,0.5103717660525257
concise_k10,test,jaccard,4.0,0.530289855317914,0.5167554815759228
concise_k10,test,jaccard,5.0,0.4999483927775716,0.5176365052721988
concise_k10,test,jaccard,6.0,0.5368109646462129,0.5740090082647228
concise_k10,test,jaccard,7.0,0.5085923753293775,0.4989292267209712
concise_k10,test,jaccard,8.0,0.5875150616139773,0.5818744085200231
concise_k10,test,jaccard,9.0,0.49858291712919034,0.5196361360449162
concise_k10,test,f1,0.0,0.6746630774504263,0.6693920578765172
concise_k10,test,f1,1.0,0.6615196256481582,0.6805159535071338
concise_k10,test,f1,2.0,0.6845559710190187,0.6623538955168885
concise_k10,test,f1,3.0,0.6436540202453062,0.6670139536498324
concise_k10,test,f1,4.0,0.6845752511638025,0.6721418119630272
concise_k10,test,f1,5.0,0.6557116229662319,0.671688028183541
concise_k10,test,f1,6.0,0.6920288102833607,0.7275843091891574
concise_k10,test,f1,7.0,0.6669337147558329,0.6584742054690659
concise_k10,test,f1,8.0,0.7310359909599109,0.7266199529145145
concise_k10,test,f1,9.0,0.6565192283364151,0.6756576820284892
concise_k10,test,ddi_rate_visit,0.0,0.0674200924266544,0.06742170301916861
concise_k10,test,ddi_rate_visit,1.0,0.06880244484050928,0.06941950008814377
concise_k10,test,ddi_rate_visit,2.0,0.06304313195724678,0.062483185613579156
concise_k10,test,ddi_rate_visit,3.0,0.06945551045535062,0.06926829173133014
concise_k10,test,ddi_rate_visit,4.0,0.07215937143117772,0.07189198354676414
concise_k10,test,ddi_rate_visit,5.0,0.05202312753405571,0.05199896759912481
concise_k10,test,ddi_rate_visit,6.0,0.05303351587939809,0.0550356925269605
concise_k10,test,ddi_rate_visit,7.0,0.059736304073164645,0.06007115187804184
concise_k10,test,ddi_rate_visit,8.0,0.07847680463400568,0.0792955749706184
concise_k10,test,ddi_rate_visit,9.0,0.06369580806565617,0.06367099183670953
concise_k10,test+eval,jaccard,0.0,0.5136609787448355,0.5120935019653801
concise_k10,test+eval,jaccard,1.0,0.49187039207048094,0.5137570453020308
concise_k10,test+eval,jaccard,2.0,0.5333018702028778,0.5064445922616094
concise_k10,test+eval,jaccard,3.0,0.4840505188182899,0.5064757171549124
concise_k10,test+eval,jaccard,4.0,0.5234230194284702,0.5117411009294914
concise_k10,test+eval,jaccard,5.0,0.4959271121848457,0.5218795719996787
concise_k10,test+eval,jaccard,6.0,0.5485218908802938,0.5845574270348193
concise_k10,test+eval,jaccard,7.0,0.5198427639745072,0.5016911615310151
concise_k10,test+eval,jaccard,8.0,0.5797978946999863,0.5809744408013737
concise_k10,test+eval,jaccard,9.0,0.5078952507142696,0.5263077847519756
concise_k10,test+eval,f1,0.0,0.6725082651242623,0.670457150742052
concise_k10,test+eval,f1,1.0,0.6502885912750422,0.6709107988323508
concise_k10,test+eval,f1,2.0,0.689472093814729,0.6643455499765775
concise_k10,test+eval,f1,3.0,0.6431209109855348,0.6635975665063112
concise_k10,test+eval,f1,4.0,0.6787547504944339,0.667792519609509
concise_k10,test+eval,f1,5.0,0.6523383691333294,0.6756995270912555
concise_k10,test+eval,f1,6.0,0.6996083562782348,0.734845972079241
concise_k10,test+eval,f1,7.0,0.6772772289158572,0.6612957423733669
concise_k10,test+eval,f1,8.0,0.7247596438980253,0.7265959351313649
concise_k10,test+eval,f1,9.0,0.6650884697584728,0.682027252995435
concise_k10,test+eval,ddi_rate_visit,0.0,0.06658008583991228,0.06645631863805405
concise_k10,test+eval,ddi_rate_visit,1.0,0.06770162205407673,0.06761990019352396
concise_k10,test+eval,ddi_rate_visit,2.0,0.06257010415631352,0.06275615039347927
concise_k10,test+eval,ddi_rate_visit,3.0,0.06878975566048695,0.06833395037582433
concise_k10,test+eval,ddi_rate_visit,4.0,0.07182530925000394,0.07185016292399876
concise_k10,test+eval,ddi_rate_visit,5.0,0.05311212532743595,0.05255500821524284
concise_k10,test+eval,ddi_rate_visit,6.0,0.055570174960298,0.056181768185632405
concise_k10,test+eval,ddi_rate_visit,7.0,0.058046799384282546,0.058672972720846026
concise_k10,test+eval,ddi_rate_visit,8.0,0.07770648595122227,0.0780467637143615
concise_k10,test+eval,ddi_rate_visit,9.0,0.06250736470994578,0.062191421766980386
long_k25,test,jaccard,0.0,0.5228980497926112,0.5316143425937305
long_k25,test,jaccard,1.0,0.5247611943104296,0.5487202640914237
long_k25,test,jaccard,2.0,0.5296140050544361,0.506162647289063
long_k25,test,jaccard,3.0,0.4941918389970402,0.5289624846811698
long_k25,test,jaccard,4.0,0.523366631101067,0.5193934493628198
long_k25,test,jaccard,5.0,0.5383507520252356,0.5017752190346556
long_k25,test,jaccard,6.0,0.46454034145394085,0.47703476661527233
long_k25,test,jaccard,7.0,0.5117199242362275,0.5469290705220118
long_k25,test,jaccard,8.0,0.47977500888905655,0.5080620934080606
long_k25,test,jaccard,9.0,0.5268747792904261,0.5322180785381825
long_k25,test,jaccard,10.0,0.5035254941452083,0.5178630227498591
long_k25,test,jaccard,11.0,0.5105531613171661,0.5086470595548764
long_k25,test,jaccard,12.0,0.4697780284580361,0.490320771502045
long_k25,test,jaccard,13.0,0.48560736510116886,0.5115047196352336
long_k25,test,jaccard,14.0,0.5106128423559796,0.5407665151300591
long_k25,test,jaccard,15.0,0.5267062569590977,0.5296361400821006
long_k25,test,jaccard,16.0,0.5281419318252648,0.5310846667092282
long_k25,test,jaccard,17.0,0.6021775923258627,0.5917429289226828
long_k25,test,jaccard,18.0,0.5902822028150796,0.5557146619939175
long_k25,test,jaccard,19.0,0.4925158406075531,0.5019355928723641
long_k25,test,jaccard,20.0,0.5113406582888956,0.5118163123145365
long_k25,test,jaccard,21.0,0.5265300488857416,0.5072525068121934
long_k25,test,jaccard,22.0,0.44836374371366206,0.45105502576203804
long_k25,test,jaccard,23.0,0.4997121053057395,0.5073934556334976
long_k25,test,jaccard,24.0,0.5510259828791452,0.5866393522253501
long_k25,test,f1,0.0,0.6829424129578616,0.6904055890525543
long_k25,test,f1,1.0,0.6787737847245241,0.7024234770399608
long_k25,test,f1,2.0,0.6859864030153441,0.66427246021418
long_k25,test,f1,3.0,0.6503303017756688,0.6820381677003712
long_k25,test,f1,4.0,0.6800814576671764,0.676318782097093
long_k25,test,f1,5.0,0.6927583480151229,0.658599720360156
long_k25,test,f1,6.0,0.6271985427572293,0.6394917889204396
long_k25,test,f1,7.0,0.6680342928405782,0.7016571911877935
long_k25,test,f1,8.0,0.6354379167436288,0.6621744447756849
long_k25,test,f1,9.0,0.6807623830105584,0.6866450411641497
long_k25,test,f1,10.0,0.6602587764432083,0.6745823897944002
long_k25,test,f1,11.0,0.665763398516587,0.6642912987410926
long_k25,test,f1,12.0,0.6299449462551129,0.6482600854382293
long_k25,test,f1,13.0,0.6472931459296161,0.6713315868082804
long_k25,test,f1,14.0,0.6667217048779344,0.6937237843714551
long_k25,test,f1,15.0,0.6820104796787667,0.6840898943393813
long_k25,test,f1,16.0,0.682744009462355,0.686268627807541
long_k25,test,f1,17.0,0.7452752196796892,0.7370564546573614
long_k25,test,f1,18.0,0.7362414129373834,0.7050205210322903
long_k25,test,f1,19.0,0.6549954269146602,0.6632454499070429
long_k25,test,f1,20.0,0.6680959273216771,0.667762802345999
long_k25,test,f1,21.0,0.6832668229818604,0.6645809175492426
long_k25,test,f1,22.0,0.6104474967442275,0.613746383989957
long_k25,test,f1,23.0,0.6596398121217093,0.6670165146888268
long_k25,test,f1,24.0,0.7036621111886566,0.7399565912232137
long_k25,test,ddi_rate_visit,0.0,0.0665399122680745,0.06671528277002814
long_k25,test,ddi_rate_visit,1.0,0.06955797601676707,0.06830431256954839
long_k25,test,ddi_rate_visit,2.0,0.06445506655851108,0.06528717825519692
long_k25,test,ddi_rate_visit,3.0,0.050301910495758974,0.049361067912726986
long_k25,test,ddi_rate_visit,4.0,0.07452101920628387,0.07459841378202281
long_k25,test,ddi_rate_visit,5.0,0.06422565881053295,0.06559006380266297
long_k25,test,ddi_rate_visit,6.0,0.07015122586727485,0.06947319359179982
long_k25,test,ddi_rate_visit,7.0,0.04851550647847792,0.04690917027712138
long_k25,test,ddi_rate_visit,8.0,0.06218602374368132,0.06109002384115425
long_k25,test,ddi_rate_visit,9.0,0.08368749638693614,0.08326258034862133
long_k25,test,ddi_rate_visit,10.0,0.048575925557602165,0.047692390868881995
long_k25,test,ddi_rate_visit,11.0,0.07321908418571478,0.07319341865844065
long_k25,test,ddi_rate_visit,12.0,0.0666095419653735,0.06625153712932974
long_k25,test,ddi_rate_visit,13.0,0.07004027476919382,0.06910167249764587
long_k25,test,ddi_rate_visit,14.0,0.05871734875159164,0.057876741737166615
long_k25,test,ddi_rate_visit,15.0,0.07261736086346163,0.07261504512312866
long_k25,test,ddi_rate_visit,16.0,0.0685643237198334,0.0682322496487795
long_k25,test,ddi_rate_visit,17.0,0.08223289966296121,0.08221435440930147
long_k25,test,ddi_rate_visit,18.0,0.0715031141441631,0.0724980498659269
long_k25,test,ddi_rate_visit,19.0,0.057720136161519324,0.05759360515316736
long_k25,test,ddi_rate_visit,20.0,0.0639714168134833,0.06410894315745175
long_k25,test,ddi_rate_visit,21.0,0.06796964155374066,0.06895334019728505
long_k25,test,ddi_rate_visit,22.0,0.05662591697134903,0.056211098028827955
long_k25,test,ddi_rate_visit,23.0,0.06371743463983293,0.06340472218849147
long_k25,test,ddi_rate_visit,24.0,0.04374651113781548,0.04172623780175144
long_k25,test+eval,jaccard,0.0,0.520741187879446,0.5316904340756996
long_k25,test+eval,jaccard,1.0,0.5200083622346,0.5534211827921696
long_k25,test+eval,jaccard,2.0,0.5315263851547777,0.5077679577012408
long_k25,test+eval,jaccard,3.0,0.491234147999087,0.5313769127972781
long_k25,test+eval,jaccard,4.0,0.5118266436671215,0.5098601159838023
long_k25,test+eval,jaccard,5.0,0.5448289098213018,0.5010080871355105
long_k25,test+eval,jaccard,6.0,0.4642449334316228,0.47795773749544823
long_k25,test+eval,jaccard,7.0,0.5315485536626976,0.5709852320424216
long_k25,test+eval,jaccard,8.0,0.47219418161094545,0.5067911217285475
long_k25,test+eval,jaccard,9.0,0.5547087094807744,0.5590381679514587
long_k25,test+eval,jaccard,10.0,0.5317408545831653,0.5442587380684611
long_k25,test+eval,jaccard,11.0,0.5016694175570604,0.5063734695107951
long_k25,test+eval,jaccard,12.0,0.4762533096273493,0.4896841215416754
long_k25,test+eval,jaccard,13.0,0.47704340172030124,0.5065145874073864
long_k25,test+eval,jaccard,14.0,0.5016585727686024,0.5294555452402858
long_k25,test+eval,jaccard,15.0,0.5231345564917943,0.5218909941993641
long_k25,test+eval,jaccard,16.0,0.532452746625451,0.5397818170930866
long_k25,test+eval,jaccard,17.0,0.5877808900623714,0.587132836798482
long_k25,test+eval,jaccard,18.0,0.5720735433871739,0.5458752695675355
long_k25,test+eval,jaccard,19.0,0.5150318261333787,0.5140286391405984
long_k25,test+eval,jaccard,20.0,0.5199201037412311,0.5092777302315032
long_k25,test+eval,jaccard,21.0,0.5210583980372563,0.5035218873531311
long_k25,test+eval,jaccard,22.0,0.48355261479930006,0.4771786413701684
long_k25,test+eval,jaccard,23.0,0.49547003894393543,0.5066422995550757
long_k25,test+eval,jaccard,24.0,0.5674262264189155,0.607921641344161
long_k25,test+eval,f1,0.0,0.6781795138961028,0.6878198539664931
long_k25,test+eval,f1,1.0,0.674404287817724,0.7064931807423774
long_k25,test+eval,f1,2.0,0.6870804134021927,0.6649546113672339
long_k25,test+eval,f1,3.0,0.6492016578085834,0.6855999250682937
long_k25,test+eval,f1,4.0,0.6701358884388314,0.6681160439537716
long_k25,test+eval,f1,5.0,0.698979581189364,0.6582260830600947
long_k25,test+eval,f1,6.0,0.6251268677270322,0.6383813701620634
long_k25,test+eval,f1,7.0,0.6834179739720632,0.7209069426870317
long_k25,test+eval,f1,8.0,0.6292624950559014,0.6619653632435013
long_k25,test+eval,f1,9.0,0.7030871984143994,0.7081931249705969
long_k25,test+eval,f1,10.0,0.6875147224671381,0.7000903619364446
long_k25,test+eval,f1,11.0,0.6590807250052008,0.6635157210819588
long_k25,test+eval,f1,12.0,0.6360606504139413,0.648320799376238
long_k25,test+eval,f1,13.0,0.6371289644264265,0.6643462196491664
long_k25,test+eval,f1,14.0,0.658918379442383,0.6839705098442098
long_k25,test+eval,f1,15.0,0.678726539377173,0.6770492926938639
long_k25,test+eval,f1,16.0,0.6872542778781474,0.6947186577716894
long_k25,test+eval,f1,17.0,0.7327153442127476,0.7332370288961964
long_k25,test+eval,f1,18.0,0.7203474913888839,0.6965396559291238
long_k25,test+eval,f1,19.0,0.6740422694836938,0.6731679312884874
long_k25,test+eval,f1,20.0,0.6765612210717892,0.6661837457340577
long_k25,test+eval,f1,21.0,0.6790646527116484,0.6618804033155196
long_k25,test+eval,f1,22.0,0.6446486677659496,0.6399002436462257
long_k25,test+eval,f1,23.0,0.6560993107868861,0.6666564736409749
long_k25,test+eval,f1,24.0,0.7144263088186216,0.7556893363287082
long_k25,test+eval,ddi_rate_visit,0.0,0.06618697269097665,0.06596924506828605
long_k25,test+eval,ddi_rate_visit,1.0,0.06696852469547544,0.0649057283168386
long_k25,test+eval,ddi_rate_visit,2.0,0.06286661366471377,0.0640564999226183
long_k25,test+eval,ddi_rate_visit,3.0,0.04913559085984342,0.04766095590363051
long_k25,test+eval,ddi_rate_visit,4.0,0.07508553474806674,0.07524894529793613
long_k25,test+eval,ddi_rate_visit,5.0,0.06350546195891574,0.06563296478705416
long_k25,test+eval,ddi_rate_visit,6.0,0.06934254092415701,0.06844727900951275
long_k25,test+eval,ddi_rate_visit,7.0,0.05270455594962046,0.05042628775563296
long_k25,test+eval,ddi_rate_visit,8.0,0.06300247683032958,0.0611045516275277
long_k25,test+eval,ddi_rate_visit,9.0,0.08008215377305594,0.07942002864379161
long_k25,test+eval,ddi_rate_visit,10.0,0.055081823787662826,0.054056114013052214
long_k25,test+eval,ddi_rate_visit,11.0,0.07405850540186015,0.07380183626053016
long_k25,test+eval,ddi_rate_visit,12.0,0.06432901789740415,0.063805193436695
long_k25,test+eval,ddi_rate_visit,13.0,0.06852648083141077,0.06717512779597001
long_k25,test+eval,ddi_rate_visit,14.0,0.06019977170114643,0.059159138070585815
long_k25,test+eval,ddi_rate_visit,15.0,0.0718853486372089,0.07213453290132232
long_k25,test+eval,ddi_rate_visit,16.0,0.06497398549043885,0.06435142265826421
long_k25,test+eval,ddi_rate_visit,17.0,0.07881361680103509,0.07836167822393114
long_k25,test+eval,ddi_rate_visit,18.0,0.06834849911215177,0.06937586971125276
long_k25,test+eval,ddi_rate_visit,19.0,0.05906729927472169,0.05914615752476671
long_k25,test+eval,ddi_rate_visit,20.0,0.06268111986335939,0.0633837881347259
long_k25,test+eval,ddi_rate_visit,21.0,0.0681066530548782,0.06933382346988415
long_k25,test+eval,ddi_rate_visit,22.0,0.058749177114504746,0.058581857118167324
long_k25,test+eval,ddi_rate_visit,23.0,0.06180545968241034,0.06119109242246301
long_k25,test+eval,ddi_rate_visit,24.0,0.04973003754708657,0.04630624852302789
ccs_group,test,jaccard,2ndary malig,0.5245793297497594,0.5387919759687391
ccs_group,test,jaccard,Ac renl fail,0.4921242208474615,0.5040827399255354
ccs_group,test,jaccard,Acute CVD,0.5268550986552794,0.5270712710032311
ccs_group,test,jaccard,Acute MI,0.5675123474459494,0.5552035169929791
ccs_group,test,jaccard,Adlt resp fl,0.506735178660266,0.5048218275431982
ccs_group,test,jaccard,Alcohol-related disorders,0.5389492992343281,0.5696116539411732
ccs_group,test,jaccard,Aneurysm,0.6010803203359476,0.5570251912086037
ccs_group,test,jaccard,Asp pneumon,0.49683703233633797,0.5017024566442084
ccs_group,test,jaccard,Complic devi,0.5181895568953981,0.5040185662146731
ccs_group,test,jaccard,Complic proc,0.4996396997746492,0.5031455126492368
ccs_group,test,jaccard,Coron athero,0.6764982357591238,0.6152707572571511
ccs_group,test,jaccard,DiabMel w/cm,0.5341441485271363,0.5280991198012299
ccs_group,test,jaccard,Dysrhythmia,0.472544377936603,0.4918784840285537
ccs_group,test,jaccard,GI hemorrhag,0.44146081761655903,0.500808530221815
ccs_group,test,jaccard,Hrt valve dx,0.6577833662501332,0.5847436917022497
ccs_group,test,jaccard,Intracrn inj,0.5090548529396975,0.5132067796094816
ccs_group,test,jaccard,Oth liver dx,0.5156464837280365,0.5027367399487861
ccs_group,test,jaccard,Pneumonia,0.5229152026999805,0.5147604723338437
ccs_group,test,jaccard,Septicemia,0.5218854955802653,0.5254171552619168
ccs_group,test,jaccard,chf;nonhp,0.5156532349625139,0.5016075892391131
ccs_group,test,jaccard,기타(소규모),0.4997961683947695,0.507530790255179
ccs_group,test,jaccard,미지정/매핑불가,0.5236081154491792,0.5177162072949862
ccs_group,test,f1,2ndary malig,0.681202138348778,0.6944230821200813
ccs_group,test,f1,Ac renl fail,0.6537599860731675,0.664110004987289
ccs_group,test,f1,Acute CVD,0.684160367089536,0.6846182411522654
ccs_group,test,f1,Acute MI,0.7187566864306395,0.707565865060177
ccs_group,test,f1,Adlt resp fl,0.6675531149806703,0.6655647128192202
ccs_group,test,f1,Alcohol-related disorders,0.6945042920034868,0.7225472515226482
ccs_group,test,f1,Aneurysm,0.7432733961103474,0.7035979370762829
ccs_group,test,f1,Asp pneumon,0.658060141643387,0.6622317564008637
ccs_group,test,f1,Complic devi,0.6747545400689412,0.6616531871635221
ccs_group,test,f1,Complic proc,0.6587722011579963,0.661751180237963
ccs_group,test,f1,Coron athero,0.8019315247569668,0.7465772028908888
ccs_group,test,f1,DiabMel w/cm,0.6910352806586825,0.6854986045065363
ccs_group,test,f1,Dysrhythmia,0.6348424272929913,0.6524734358842634
ccs_group,test,f1,GI hemorrhag,0.602033815637843,0.655852562677389
ccs_group,test,f1,Hrt valve dx,0.7857652346349455,0.7196108753804388
ccs_group,test,f1,Intracrn inj,0.6662593673148839,0.6704558707656638
ccs_group,test,f1,Oth liver dx,0.6694780700659206,0.6577886445105838
ccs_group,test,f1,Pneumonia,0.6811051870808635,0.6734350824824075
ccs_group,test,f1,Septicemia,0.6800048918804104,0.6827665223198263
ccs_group,test,f1,chf;nonhp,0.6748913070182735,0.6618824397177033
ccs_group,test,f1,기타(소규모),0.658314464529403,0.6654613585398227
ccs_group,test,f1,미지정/매핑불가,0.681640934757161,0.676323691646058
ccs_group,test,ddi_rate_visit,2ndary malig,0.05881756673194152,0.058681738516441415
ccs_group,test,ddi_rate_visit,Ac renl fail,0.0649774805520252,0.06361703001352147
ccs_group,test,ddi_rate_visit,Acute CVD,0.06767282549634869,0.06837126887392042
ccs_group,test,ddi_rate_visit,Acute MI,0.08317227096776927,0.08310794673709114
ccs_group,test,ddi_rate_visit,Adlt resp fl,0.07238918454814333,0.07207973746158536
ccs_group,test,ddi_rate_visit,Alcohol-related disorders,0.06804178416295777,0.06764871702040261
ccs_group,test,ddi_rate_visit,Aneurysm,0.06450408799615125,0.06590052293090702
ccs_group,test,ddi_rate_visit,Asp pneumon,0.0697058826034805,0.06918579839694204
ccs_group,test,ddi_rate_visit,Complic devi,0.06588083099364762,0.06584614801106557
ccs_group,test,ddi_rate_visit,Complic proc,0.06527368214787097,0.06521260432120046
ccs_group,test,ddi_rate_visit,Coron athero,0.0706448929531906,0.07242250774891788
ccs_group,test,ddi_rate_visit,DiabMel w/cm,0.06609757694154705,0.06588277030965356
ccs_group,test,ddi_rate_visit,Dysrhythmia,0.07879568425442547,0.07825210333656635
ccs_group,test,ddi_rate_visit,GI hemorrhag,0.06243302531634679,0.060532348075565304
ccs_group,test,ddi_rate_visit,Hrt valve dx,0.0654774735305986,0.06746489592677223
ccs_group,test,ddi_rate_visit,Intracrn inj,0.0624642043545573,0.06276965498149613
ccs_group,test,ddi_rate_visit,Oth liver dx,0.04891534413682008,0.049281616934097563
ccs_group,test,ddi_rate_visit,Pneumonia,0.07038739268143475,0.07058085712880263
ccs_group,test,ddi_rate_visit,Septicemia,0.06091197462872449,0.06010549631460652
ccs_group,test,ddi_rate_visit,chf;nonhp,0.07115005352078098,0.07096010291882252
ccs_group,test,ddi_rate_visit,기타(소규모),0.065458564353242,0.0655195699880793
ccs_group,test,ddi_rate_visit,미지정/매핑불가,0.06843494356972887,0.06886606295394565
ccs_group,test+eval,jaccard,2ndary malig,0.537666498432741,0.5528632896435315
ccs_group,test+eval,jaccard,Ac renl fail,0.49803312746861794,0.5146144033634981
ccs_group,test+eval,jaccard,Acute CVD,0.5280249236860626,0.5300456609988204
ccs_group,test+eval,jaccard,Acute MI,0.5636405590424582,0.5541277006719835
ccs_group,test+eval,jaccard,Adlt resp fl,0.5006951710843494,0.5019843308278403
ccs_group,test+eval,jaccard,Alcohol-related disorders,0.5316332735172897,0.5584283433999611
ccs_group,test+eval,jaccard,Aneurysm,0.5815259321236339,0.5406445954549678
ccs_group,test+eval,jaccard,Asp pneumon,0.5047925762541646,0.5133717126078359
ccs_group,test+eval,jaccard,Complic devi,0.5254871888699877,0.5099779791890422
ccs_group,test+eval,jaccard,Complic proc,0.5127412956087676,0.5107237656690111
ccs_group,test+eval,jaccard,Coron athero,0.6653995838218747,0.6120925642352024
ccs_group,test+eval,jaccard,DiabMel w/cm,0.5331502460309032,0.531688773674999
ccs_group,test+eval,jaccard,Dysrhythmia,0.4594802989683756,0.48117025298478266
ccs_group,test+eval,jaccard,GI hemorrhag,0.44578590185973244,0.4979380747973625
ccs_group,test+eval,jaccard,Hrt valve dx,0.6691166934908489,0.606822841374565
ccs_group,test+eval,jaccard,Intracrn inj,0.5291347932596334,0.5323497720568166
ccs_group,test+eval,jaccard,Oth liver dx,0.5094720163702432,0.5114457922513035
ccs_group,test+eval,jaccard,Pneumonia,0.5139951160745337,0.5084773306593652
ccs_group,test+eval,jaccard,Septicemia,0.5241500136807823,0.5248695037703068
ccs_group,test+eval,jaccard,chf;nonhp,0.49761600398017775,0.4860340759334867
ccs_group,test+eval,jaccard,기타(소규모),0.5025783243751689,0.5066406643798531
ccs_group,test+eval,jaccard,미지정/매핑불가,0.5081703739154599,0.508301566902092
ccs_group,test+eval,f1,2ndary malig,0.6907102310787031,0.7050267386447416
ccs_group,test+eval,f1,Ac renl fail,0.6590424514444385,0.6735826918896898
ccs_group,test+eval,f1,Acute CVD,0.6832328118005416,0.6855568582692493
ccs_group,test+eval,f1,Acute MI,0.715189512744229,0.7064990439986963
ccs_group,test+eval,f1,Adlt resp fl,0.6616416238978479,0.6624542373242662
ccs_group,test+eval,f1,Alcohol-related disorders,0.6874742713072548,0.7120692584394288
ccs_group,test+eval,f1,Aneurysm,0.7284944952835818,0.691619710212596
ccs_group,test+eval,f1,Asp pneumon,0.6647619571516473,0.6721826131536147
ccs_group,test+eval,f1,Complic devi,0.6817022931621471,0.6672377627217208
ccs_group,test+eval,f1,Complic proc,0.6689306027961586,0.6670080848340595
ccs_group,test+eval,f1,Coron athero,0.7931633955685468,0.7448661252173877
ccs_group,test+eval,f1,DiabMel w/cm,0.6907407533265476,0.6892058425079038
ccs_group,test+eval,f1,Dysrhythmia,0.6220001504305183,0.6418580441567117
ccs_group,test+eval,f1,GI hemorrhag,0.6070882416181248,0.6545065092874318
ccs_group,test+eval,f1,Hrt valve dx,0.7936425575352944,0.7372600446266601
ccs_group,test+eval,f1,Intracrn inj,0.6844482798287002,0.6879349428998117
ccs_group,test+eval,f1,Oth liver dx,0.6642819227832838,0.6659210384202661
ccs_group,test+eval,f1,Pneumonia,0.6725080912548558,0.6671690026277581
ccs_group,test+eval,f1,Septicemia,0.6819831756818395,0.6820240371175521
ccs_group,test+eval,f1,chf;nonhp,0.6578063112599019,0.6469037953005562
ccs_group,test+eval,f1,기타(소규모),0.6612308153580876,0.6650813914794445
ccs_group,test+eval,f1,미지정/매핑불가,0.6650376694726076,0.6652970206641757
ccs_group,test+eval,ddi_rate_visit,2ndary malig,0.05840638621236411,0.058299434400159444
ccs_group,test+eval,ddi_rate_visit,Ac renl fail,0.06514379320092216,0.06390634549883054
ccs_group,test+eval,ddi_rate_visit,Acute CVD,0.06633687707568744,0.06676897810849174
ccs_group,test+eval,ddi_rate_visit,Acute MI,0.08208134740021578,0.0822071124759605
ccs_group,test+eval,ddi_rate_visit,Adlt resp fl,0.06936607509345931,0.06903477392843822
ccs_group,test+eval,ddi_rate_visit,Alcohol-related disorders,0.06513264455385626,0.06435536083499607
ccs_group,test+eval,ddi_rate_visit,Aneurysm,0.06344492242856661,0.06504950858819894
ccs_group,test+eval,ddi_rate_visit,Asp pneumon,0.06771511608031525,0.06698670012192547
ccs_group,test+eval,ddi_rate_visit,Complic devi,0.06428413832792212,0.06447862172212765
ccs_group,test+eval,ddi_rate_visit,Complic proc,0.06559778175440699,0.06560524635399653
ccs_group,test+eval,ddi_rate_visit,Coron athero,0.06763100339550887,0.06962038119821876
ccs_group,test+eval,ddi_rate_visit,DiabMel w/cm,0.06917835809873063,0.06898893166284512
ccs_group,test+eval,ddi_rate_visit,Dysrhythmia,0.08120627827156618,0.08060778953049219
ccs_group,test+eval,ddi_rate_visit,GI hemorrhag,0.06412443788619127,0.06218073861687133
ccs_group,test+eval,ddi_rate_visit,Hrt valve dx,0.06325101255580147,0.06564609374128805
ccs_group,test+eval,ddi_rate_visit,Intracrn inj,0.06260221178593767,0.06292064807729762
ccs_group,test+eval,ddi_rate_visit,Oth liver dx,0.05043654549887833,0.05024439672858415
ccs_group,test+eval,ddi_rate_visit,Pneumonia,0.07090777374699857,0.07113075293875158
ccs_group,test+eval,ddi_rate_visit,Septicemia,0.06030366887474079,0.05974929843863525
ccs_group,test+eval,ddi_rate_visit,chf;nonhp,0.07155691565595279,0.07150866794369448
ccs_group,test+eval,ddi_rate_visit,기타(소규모),0.064826611993394,0.06484301963457113
ccs_group,test+eval,ddi_rate_visit,미지정/매핑불가,0.06517772494324452,0.06533982424780177
