seed,axis,group,gt_pairs_per_visit,miss_rate
0,long_k10,CHF+당뇨PAD,24.4,0.6467094321691613
0,long_k10,약물중독·긴목록,19.42685370741483,0.6305962451000618
0,long_k10,호흡부전·폐렴,13.606060606060606,0.6380846325167038
0,long_k10,HTN+정신·약물,14.535564853556485,0.6522740356937248
0,long_k10,CHF+CKD,18.395833333333332,0.628312570781427
0,long_k10,CAD·MI,16.912280701754387,0.6227524204702628
0,long_k10,안면외상·동맥류,7.876404494382022,0.6148359486447932
0,long_k10,수술합병증,17.728033472803347,0.6535284399339155
0,long_k10,전이암,9.058394160583942,0.6357775987107172
0,long_k10,알코올성간질환,9.0,0.6060606060606061
0,danger_tier,4,18.87593984962406,0.6325433180641307
0,danger_tier,5,19.09090909090909,0.6018867924528302
0,danger_tier,1,12.235880398671096,0.6725495519956557
0,danger_tier,2,16.84819277108434,0.663758581235698
0,danger_tier,3,15.235565819861431,0.6645444899196604
1,long_k10,CHF+당뇨PAD,24.4,0.6368496079828938
1,long_k10,약물중독·긴목록,19.42685370741483,0.6190427068289663
1,long_k10,호흡부전·폐렴,13.606060606060606,0.6481069042316259
1,long_k10,HTN+정신·약물,14.535564853556485,0.630685089234312
1,long_k10,CHF+CKD,18.395833333333332,0.628312570781427
1,long_k10,CAD·MI,16.912280701754387,0.6227524204702628
1,long_k10,안면외상·동맥류,7.876404494382022,0.5748930099857347
1,long_k10,수술합병증,17.728033472803347,0.6353552041538825
1,long_k10,전이암,9.058394160583942,0.6011281224818694
1,long_k10,알코올성간질환,9.0,0.6105499438832772
1,danger_tier,4,18.87593984962406,0.6335391356303525
1,danger_tier,5,19.09090909090909,0.5952380952380952
1,danger_tier,1,12.235880398671096,0.644854737985338
1,danger_tier,2,16.84819277108434,0.6506006864988558
1,danger_tier,3,15.235565819861431,0.644535394876459
2,long_k10,CHF+당뇨PAD,24.4,0.6199809931100023
2,long_k10,약물중독·긴목록,19.42685370741483,0.6263668248401073
2,long_k10,호흡부전·폐렴,13.606060606060606,0.6525612472160356
2,long_k10,HTN+정신·약물,14.535564853556485,0.662636729994243
2,long_k10,CHF+CKD,18.395833333333332,0.6514156285390713
2,long_k10,CAD·MI,16.912280701754387,0.613762102351314
2,long_k10,안면외상·동맥류,7.876404494382022,0.5534950071326676
2,long_k10,수술합병증,17.728033472803347,0.6289827708284164
2,long_k10,전이암,9.058394160583942,0.6414182111200645
2,long_k10,알코올성간질환,9.0,0.621773288439955
2,danger_tier,4,18.87593984962406,0.6392152957578172
2,danger_tier,5,19.09090909090909,0.5828391734052112
2,danger_tier,1,12.235880398671096,0.653814824871029
2,danger_tier,2,16.84819277108434,0.670337528604119
2,danger_tier,3,15.235565819861431,0.6510535091708353
3,long_k10,CHF+당뇨PAD,24.4,0.6391066761701116
3,long_k10,약물중독·긴목록,19.42685370741483,0.6267794512069321
3,long_k10,호흡부전·폐렴,13.606060606060606,0.6815144766146993
3,long_k10,HTN+정신·약물,14.535564853556485,0.6635002878526195
3,long_k10,CHF+CKD,18.395833333333332,0.6423556058890147
3,long_k10,CAD·MI,16.912280701754387,0.6182572614107884
3,long_k10,안면외상·동맥류,7.876404494382022,0.5834522111269614
3,long_k10,수술합병증,17.728033472803347,0.6341751239084258
3,long_k10,전이암,9.058394160583942,0.6470588235294118
3,long_k10,알코올성간질환,9.0,0.5914702581369248
3,danger_tier,4,18.87593984962406,0.6490738896634136
3,danger_tier,5,19.09090909090909,0.5973944294699012
3,danger_tier,1,12.235880398671096,0.6432256312788488
3,danger_tier,2,16.84819277108434,0.6556064073226545
3,danger_tier,3,15.235565819861431,0.6634834015461574
