ccs_group,n_train_visits,flagged_pairs_seen,whitelisted_pairs,top_whitelisted
기타(소규모),3326,330,16,N02A-B01A (0.52); C07A-A12B (0.42); A02B-N06A (0.37); A06A-N06A (0.36); N06A-B01A (0.35)
Septicemia,961,268,18,A01A-R03A (0.50); N02A-B01A (0.46); A06A-R01A (0.44); B01A-R01A (0.43); C07A-A12B (0.42)
Complic devi,702,279,16,N02A-B01A (0.54); A06A-N06A (0.41); A02B-N06A (0.41); N06A-B01A (0.40); C07A-A12B (0.40)
Acute MI,514,242,27,A01A-C10A (0.93); B01A-C10A (0.91); C07A-C10A (0.91); N02B-C10A (0.80); C07A-A12B (0.70)
Adlt resp fl,508,267,33,A01A-R03A (0.69); R03A-R01A (0.68); B01A-R01A (0.67); A06A-R01A (0.66); B01A-N05C (0.56)
chf;nonhp,444,253,27,B01A-C10A (0.62); C07A-A12B (0.62); A01A-C10A (0.62); C07A-C10A (0.59); C03C-C10A (0.57)
Complic proc,364,252,19,N02A-B01A (0.55); C07A-A12B (0.49); N02B-C10A (0.45); B01A-C10A (0.45); A01A-C10A (0.45)
Coron athero,351,241,30,A01A-C10A (0.87); C07A-C10A (0.85); N02B-C10A (0.82); C07A-A12B (0.79); B01A-C10A (0.73)
GI hemorrhag,332,208,9,A02B-N06A (0.39); C07A-C10A (0.38); C07A-A12B (0.37); N02B-C10A (0.34); A06A-N06A (0.30)
Hrt valve dx,285,234,30,C07A-A12B (0.86); A01A-C10A (0.69); N02B-C10A (0.69); C07A-C10A (0.67); C03C-C10A (0.66)
Pneumonia,272,270,31,R03A-R01A (0.65); A06A-R01A (0.65); B01A-R01A (0.64); A01A-R03A (0.63); C07A-R01A (0.46)
Acute CVD,249,206,10,C07A-A12B (0.55); N02B-C10A (0.46); B01A-C10A (0.44); C07A-C10A (0.44); A01A-C10A (0.40)
DiabMel w/cm,220,241,17,B01A-C10A (0.50); N02A-B01A (0.47); N06A-B01A (0.46); A06A-N06A (0.45); C07A-C10A (0.44)
미지정/매핑불가,218,270,18,N02A-B01A (0.48); C07A-A12B (0.44); B01A-N05C (0.41); A02B-N06A (0.40); A02B-N05B (0.40)
Oth liver dx,176,182,12,C07A-A12B (0.43); N02A-B01A (0.40); A02B-A07E (0.34); A06A-A07E (0.32); A02B-N06A (0.32)
Aneurysm,174,206,24,C07A-A12B (0.70); N02A-B01A (0.57); C07A-C10A (0.55); N02B-C10A (0.49); A01A-C10A (0.48)
2ndary malig,172,217,8,N02A-B01A (0.61); A01A-N03A (0.32); A02B-N05B (0.28); A06A-N06A (0.27); C07A-A12B (0.27)
Ac renl fail,159,212,19,C07A-A12B (0.44); A02B-N06A (0.44); B01A-C10A (0.43); A06A-N06A (0.43); N02B-C10A (0.42)
Alcohol-related disorders,157,149,6,B03B-N05B (0.57); A02B-N05B (0.51); C07A-A12B (0.36); A06A-N06A (0.31); A02B-N06A (0.29)
Dysrhythmia,154,216,23,B01A-C10A (0.66); A01A-C10A (0.66); C07A-C10A (0.62); N02B-C10A (0.56); C07A-A12B (0.48)
Asp pneumon,154,220,21,A01A-R03A (0.60); R03A-R01A (0.54); B01A-R01A (0.53); A06A-R01A (0.53); N06A-B01A (0.48)
Intracrn inj,150,182,5,C07A-A12B (0.67); N02A-B01A (0.39); N02A-N03A (0.38); A01A-N03A (0.32); C07A-C09A (0.29)
