variant,group,n_visits,raw_jaccard,adj_jaccard,raw_precision,adj_precision,raw_recall,adj_recall,raw_ddi_rate_visit,adj_ddi_rate_visit,delta_raw_jaccard,delta_adj_jaccard,delta_raw_precision,delta_adj_precision,delta_raw_recall,delta_adj_recall,delta_raw_ddi_rate_visit,delta_adj_ddi_rate_visit
baseline,0.0,171,0.5348386257718123,0.5420048781183082,0.7060650986475557,0.7178036918572721,0.6965068457238074,0.6971242202680097,0.0692549045277246,0.06943217341864444,,,,,,,,
baseline,1.0,132,0.4738157223257843,0.4904254155093013,0.6143653373541137,0.6435498658257507,0.6823373892699109,0.6809807409807139,0.06273630170056296,0.06269175862478288,,,,,,,,
baseline,2.0,240,0.48778464910302877,0.4915824244080098,0.6463938906117666,0.6545060974736024,0.679911217647448,0.6776369319722407,0.06533515322680689,0.06510525106832499,,,,,,,,
baseline,3.0,239,0.49568304296408816,0.5084635565627716,0.6555608125888148,0.6775993913539212,0.6869035893037028,0.6864584876208445,0.06657769761565456,0.06665646849921597,,,,,,,,
baseline,4.0,345,0.5161709777881828,0.487239264905711,0.7134176791480895,0.6621586980874068,0.6580530766917249,0.6609313696662567,0.06199642310303082,0.06203030833610484,,,,,,,,
baseline,5.0,499,0.5168465434161733,0.5051619013224349,0.6901777931237237,0.6711670161724432,0.6812316118396898,0.6801358999338545,0.062391284327897256,0.06223237685515822,,,,,,,,
baseline,6.0,99,0.4677164328180885,0.5032093728544816,0.5919789085937939,0.6567393970490307,0.7137650665374978,0.7075671812112229,0.05220986888085412,0.051700233419308544,,,,,,,,
baseline,7.0,89,0.5242462416304674,0.5534493116650178,0.6681233366096134,0.7131684842836479,0.7285428887507478,0.7346937539611069,0.0559905273967308,0.05684089707403888,,,,,,,,
baseline,8.0,137,0.5082734974492613,0.5391478424719981,0.6501263600255691,0.7053459022148592,0.7100585488607228,0.7062212363775431,0.057826063799670875,0.057611268713292994,,,,,,,,
baseline,9.0,239,0.5358378605157511,0.5278274015604743,0.7127986742472453,0.6965289471167411,0.6931596492625295,0.6968054191786245,0.06271200694495024,0.0630622970799068,,,,,,,,
no_ddi,0.0,171,0.5522918834837734,0.5594595213397833,0.6743698552551662,0.6845625524520261,0.7586244369281022,0.7598645255275334,0.09280966029341119,0.09141713704880844,0.017453257711961156,0.017454643221475052,-0.031695243392389494,-0.03324113940524598,0.06211759120429483,0.06274030525952368,0.02355475576568658,0.021984963630164
no_ddi,1.0,132,0.4787938213116016,0.4968983137619639,0.6060575866545477,0.6335008700608282,0.6982391103527397,0.6982390731954489,0.08084357804815112,0.07867391892132361,0.004978098985817303,0.006472898252662618,-0.008307750699566019,-0.010048995764922464,0.015901721082828724,0.01725833221473494,0.018107276347588158,0.01598216029654073
no_ddi,2.0,240,0.5105639099674613,0.5153463395672555,0.631402145458631,0.6396845768103969,0.7390099655060562,0.7371960375061537,0.08107622535894676,0.08102775902628077,0.022779260864432493,0.023763915159245697,-0.014991745153135505,-0.014821520663205523,0.05909874785860825,0.05955910553391297,0.015741072132139877,0.015922507957955787
no_ddi,3.0,239,0.5099795260547636,0.5235284285449505,0.640546542177364,0.6607399404233629,0.7252525831523202,0.7259017487705868,0.08387879595928807,0.08193728933070023,0.014296483090675438,0.015064871982178873,-0.01501427041145087,-0.016859450930558295,0.03834899384861745,0.03944326114974228,0.01730109834363351,0.015280820831484257
no_ddi,4.0,345,0.5442850568970545,0.5129897844738934,0.6973064808602344,0.6496620334720116,0.7159538362026114,0.7162180881492162,0.07434207810416696,0.07830217015544735,0.02811407910887176,0.025750519568182417,-0.016111198287855122,-0.012496664615395225,0.05790075951088658,0.05528671848295952,0.012345655001136137,0.016271861819342516
no_ddi,5.0,499,0.5267213852290044,0.5144984839131502,0.6691660973346873,0.6516916306374827,0.720318376917994,0.7185067027381921,0.07353191888833298,0.07541038774142231,0.009874841812831048,0.009336582590715348,-0.02101169578903639,-0.019475385534960532,0.03908676507830422,0.03837080280433758,0.011140634560435722,0.013178010886264087
no_ddi,6.0,99,0.4711494295272317,0.5110995501753587,0.5827934354678849,0.6451151325864994,0.7306702204315645,0.7275286384777458,0.05725736469966595,0.05350655943911092,0.00343299670914321,0.007890177320877045,-0.009185473125909005,-0.011624264462531286,0.01690515389406666,0.019961457266522986,0.00504749581881183,0.001806326019802379
no_ddi,7.0,89,0.524826710817041,0.553969753347996,0.6518367589999526,0.6915394204345737,0.7482884845029583,0.7561171075630105,0.058734590399278246,0.0530516970760439,0.0005804691865736178,0.0005204416829782677,-0.01628657760966079,-0.021629063849074148,0.019745595752210465,0.021423353601903616,0.0027440630025474463,-0.0037891999979949784
no_ddi,8.0,137,0.5186295908235284,0.5526518925577668,0.6442773243768071,0.6965315307916833,0.7382159047261531,0.7370325459138904,0.06576666238925588,0.061988836340484715,0.010356093374267128,0.013504050085768715,-0.0058490356487620465,-0.00881437142317587,0.028157355865430223,0.030811309536347364,0.007940598589585006,0.004377567627191721
no_ddi,9.0,239,0.5552733856115362,0.5455864349825285,0.6995472093265452,0.6832937019377978,0.7345836291625067,0.7373342136980235,0.07542983399320277,0.07581163384050076,0.019435525095785056,0.017759033422054205,-0.013251464920700062,-0.013235245178943256,0.04142397989997726,0.04052879451939906,0.012717827048252528,0.012749336760593949
W,0.0,171,0.5519259588417431,0.5601488313601073,0.6757402426539821,0.685649002669354,0.7553187185589383,0.7587405302313559,0.08669818512504185,0.08584710098085323,0.01708733306993082,0.01814395324179907,-0.030324855993573596,-0.032154689187918084,0.058811872835130896,0.061616309963346216,0.017443280597317243,0.01641492756220879
W,1.0,132,0.4792930075134519,0.49872591499843455,0.6026340269495019,0.6295962060281786,0.7019282053197138,0.7047995616935816,0.06977980737089645,0.06860276050844688,0.005477285187667602,0.00830049948913325,-0.011731310404611839,-0.013953659797572127,0.01959081604980284,0.023818820712867672,0.007043505670333489,0.005911001883664002
W,2.0,240,0.5048164969284108,0.5093875217638213,0.6320291890652132,0.6402458739681205,0.7260858546650032,0.723970586397064,0.08011075165950561,0.08011259028867458,0.01703184782538203,0.017805097355811483,-0.014364701546553338,-0.01426022350548195,0.0461746370175552,0.04633365442482329,0.014775598432698725,0.015007339220349594
W,3.0,239,0.5107559696243824,0.5256079995601782,0.6357758026245318,0.6555488854602421,0.7325775051866265,0.7359930658517666,0.07945684554781048,0.07833669189228634,0.01507292666029425,0.017144442997406584,-0.019785009964283007,-0.022050505893679073,0.04567391588292369,0.04953457823092211,0.012879147932155915,0.011680223393070371
W,4.0,345,0.5409913083316283,0.5072446354857307,0.6904745574875509,0.6437371090814266,0.7176908036090663,0.7126218623659043,0.07497472187894423,0.07724397842935905,0.024820330543445568,0.02000537058001972,-0.02294312166053858,-0.018421589005980232,0.05963772691734148,0.05169049269964765,0.01297829877591341,0.015213670093254215
W,5.0,499,0.526267131193745,0.5126771867608836,0.6625027543038324,0.6453818390428457,0.725161634070534,0.720555040981487,0.06965463386605339,0.07065358533875948,0.00942058777757171,0.0075152854384487044,-0.027675038819891307,-0.025785177129597492,0.04393002223084419,0.040419141047632556,0.007263349538156133,0.008421208483601263
W,6.0,99,0.4641182861469086,0.5059196593387866,0.5717906825523731,0.633194769308572,0.7314876197374443,0.7326117817792249,0.05289675965222581,0.050966672308291744,-0.0035981466711799137,0.0027102864843049357,-0.020188226041420787,-0.023544627740458735,0.017722553199946423,0.025044600568002062,0.0006868907713716912,-0.0007335611110168005
W,7.0,89,0.5322697942432082,0.5659167562636355,0.6472097838499034,0.6858950830396056,0.7623492848192943,0.7792385452149405,0.05409994839582795,0.05092789628189182,0.008023552612740792,0.012467444598617705,-0.020913552759710075,-0.027273401244042317,0.03380639606854652,0.04454479125383359,-0.0018905790009028506,-0.005913000792147058
W,8.0,137,0.516446099177962,0.552633443215995,0.6385644980889076,0.6899419997424105,0.7393153303315786,0.7429150276286982,0.05982436797877315,0.05777452626372796,0.008172601728700712,0.01348560074399685,-0.011561861936661533,-0.015403902472448605,0.029256781470855753,0.03669379125115513,0.001998304179102274,0.00016325755043496842
W,9.0,239,0.5512200276056308,0.5416613104550095,0.6913762725065927,0.6752920285594715,0.734154280627396,0.7369453956118569,0.06895460749354577,0.06912628252512587,0.015382167089879717,0.013833908894535285,-0.021422401740652575,-0.021236918557269613,0.040994631364866474,0.040139976433232416,0.006242600548595531,0.006063985445219064
W2,0.0,171,0.5422986023158938,0.5500529504541686,0.6999069078323598,0.709448059398867,0.7127823084440456,0.7174017132864443,0.06814169080039156,0.06802165862070694,0.007459976544081481,0.008048072335860357,-0.006158190815195974,-0.008355632458405093,0.016275462720238165,0.020277493018434622,-0.0011132137273330428,-0.0014105147979374955
W2,1.0,132,0.47126930954405544,0.4882002503038143,0.6209675793211101,0.6477756893898292,0.6671750382361119,0.6693118312519066,0.04648550925267594,0.04581573976601645,-0.0025464127817288462,-0.0022251652054869897,0.006602241966996436,0.0042258235640785236,-0.015162351033799037,-0.011668909728807297,-0.016250792447887026,-0.016876018858766426
W2,2.0,240,0.4992163619534719,0.5026941629602897,0.6612355180758691,0.6695992088720292,0.6831002311492868,0.6796281028056192,0.05797840538395107,0.05767038822109355,0.011431712850443143,0.01111173855227987,0.014841627464102558,0.015093111398426728,0.0031890135018387555,0.0019911708333785194,-0.007356747842855817,-0.007434862847231438
W2,3.0,239,0.5104942561612987,0.52379699652769,0.663790962480331,0.6832489958874418,0.6977506243227408,0.7015482513473329,0.058972917837709554,0.0585598739136272,0.014811213197210571,0.015333439964918316,0.008230149891516159,0.005649604533520591,0.010847035019038054,0.015089763726488403,-0.007604779777945006,-0.00809659458558877
W2,4.0,345,0.5342625255511049,0.5045332203074209,0.7190380218738878,0.6728312232644102,0.681775415611883,0.6770111718029396,0.054928494882210376,0.056014535894598594,0.0180915477629221,0.01729395540170986,0.005620342725798255,0.010672525177003456,0.02372233892015818,0.01607980213668292,-0.007067928220820446,-0.006015772441506244
W2,5.0,499,0.520824263886607,0.5086346189741708,0.6852639242747642,0.6683219772796338,0.6911129791361114,0.686278569159327,0.04998534897205854,0.050341632553745935,0.003977720470433654,0.003472717651735957,-0.004913868848959502,-0.002845038892809404,0.009881367296421528,0.0061426692254724635,-0.01240593535583872,-0.011890744301412286
W2,6.0,99,0.46903432008509577,0.5044000064282341,0.5936710957435161,0.6551910005844028,0.7050916145377959,0.7020725932691514,0.03830907840828011,0.03656340290488168,0.0013178872670072672,0.0011906335737524865,0.0016921871497221908,-0.0015483964646278991,-0.008673451999701931,-0.005494587942071472,-0.01390079047257401,-0.015136830514426866
W2,7.0,89,0.5240378974781139,0.5554273398906099,0.6661742635183531,0.7038769294630811,0.7274543626481654,0.7478861972524261,0.0425704455006567,0.04203458914874892,-0.00020834415235349013,0.001978028225592121,-0.001949073091260356,-0.00929155482056676,-0.0010885261025823656,0.01319244329131919,-0.013420081896074097,-0.01480630792528996
W2,8.0,137,0.5155749060863629,0.5468339522830606,0.6615401513285005,0.7127069092613999,0.7111677214216987,0.7127982792080222,0.04758509036651605,0.04625452392726944,0.007301408637101603,0.007686109811062547,0.011413791302931409,0.007361007046540746,0.0011091725609758685,0.006577042830479107,-0.010240973433154825,-0.011356744786023554
W2,9.0,239,0.551113154511995,0.5435273200668974,0.7180411361535274,0.7017715134062589,0.7102771141866879,0.7151591273209111,0.05277897466836556,0.05333088984704624,0.015275293996243944,0.01569991850642316,0.005242461906282081,0.005242566289517803,0.017117464924158443,0.01835370814228665,-0.009933032276584687,-0.009731407232860569
