partition,scope,outcome,source,statistic,observed,null_mean,null_p95,z,p_raw,p_bonferroni
long_k10,test,jaccard,raw,range,0.07003087858935697,0.03136054948698064,0.04780220220868122,4.256474353491635,0.0005999400059994001,0.0029997000299970002
long_k10,test,jaccard,raw,weighted_sd,0.02061579189749715,0.008180652753037308,0.011518521942627633,6.3966674898919305,9.999000099990002e-05,0.0004999500049995
long_k10,test,jaccard,residual,range,0.05514723190592216,0.02772394710246116,0.042442531806651335,3.4162136871096758,0.0028997100289971,0.0144985501449855
long_k10,test,jaccard,residual,weighted_sd,0.015190473886136582,0.007240649761006146,0.010165516944145253,4.624717966188528,0.00019998000199980003,0.000999900009999
long_k10,test,f1,raw,range,0.061973161045531855,0.028211878341055423,0.04283612271634148,4.140473545068661,0.0007999200079992001,0.003999600039996
long_k10,test,f1,raw,weighted_sd,0.018409844683846734,0.007358038674458811,0.010356794811492048,6.335518084422867,9.999000099990002e-05,0.0004999500049995
long_k10,test,f1,residual,range,0.04629306086605238,0.024954219803075273,0.0380990676755429,2.9523100605351953,0.006099390060993901,0.030496950304969503
long_k10,test,f1,residual,weighted_sd,0.012981912381972627,0.006513401594560514,0.009100735483024338,4.194707898529937,0.00019998000199980003,0.000999900009999
long_k10,test,ddi_rate_visit,raw,range,0.02072911579614975,0.003761881851119118,0.005671848151413755,15.6379881477861,9.999000099990002e-05,0.0004999500049995
long_k10,test,ddi_rate_visit,raw,weighted_sd,0.005098682948579185,0.0009842120667890866,0.001381830018791158,17.692997325676505,9.999000099990002e-05,0.0004999500049995
long_k10,test,ddi_rate_visit,residual,range,0.020356515172498396,0.0037444588869585487,0.005649160864494471,15.377820976183449,9.999000099990002e-05,0.0004999500049995
long_k10,test,ddi_rate_visit,residual,weighted_sd,0.005045065743811311,0.0009794119838768996,0.001376675767422275,17.534006390138654,9.999000099990002e-05,0.0004999500049995
long_k10,test+eval,jaccard,raw,range,0.0757948285607542,0.02165985259098784,0.03315588090582863,8.532838522012804,9.999000099990002e-05,0.0004999500049995
long_k10,test+eval,jaccard,raw,weighted_sd,0.020510741725294764,0.005647241448009696,0.007963029760427842,11.092371676939376,9.999000099990002e-05,0.0004999500049995
long_k10,test+eval,jaccard,residual,range,0.052529984168191594,0.019637598947185267,0.030013113928966103,5.700196549224654,9.999000099990002e-05,0.0004999500049995
long_k10,test+eval,jaccard,residual,weighted_sd,0.016002537560505466,0.005132587144017787,0.007229799060064203,8.886249709678033,9.999000099990002e-05,0.0004999500049995
long_k10,test+eval,f1,raw,range,0.0662142456436361,0.019540239172693808,0.02989640796234031,8.146158806239429,9.999000099990002e-05,0.0004999500049995
long_k10,test+eval,f1,raw,weighted_sd,0.01807331291193129,0.005094889734301806,0.007177083638339379,10.746362838623572,9.999000099990002e-05,0.0004999500049995
long_k10,test+eval,f1,residual,range,0.04297299159105291,0.017672550852206682,0.027069575009606266,4.869389422935178,0.0004999500049995,0.0024997500249975
long_k10,test+eval,f1,residual,weighted_sd,0.013599565742490681,0.004618075491668067,0.006497102284357361,8.168987700583221,9.999000099990002e-05,0.0004999500049995
long_k10,test+eval,ddi_rate_visit,raw,range,0.017011048756237025,0.0033009252574947774,0.0050397321671217694,14.285394658447709,9.999000099990002e-05,0.0004999500049995
long_k10,test+eval,ddi_rate_visit,raw,weighted_sd,0.004303267038165602,0.0008623394200181178,0.0012151805514571696,16.8230901228914,9.999000099990002e-05,0.0004999500049995
long_k10,test+eval,ddi_rate_visit,residual,range,0.01695598271208181,0.003302815985987909,0.0050416082472919755,14.219935224449982,9.999000099990002e-05,0.0004999500049995
long_k10,test+eval,ddi_rate_visit,residual,weighted_sd,0.004254990134137851,0.0008628335177923637,0.0012157786438517543,16.57494339249504,9.999000099990002e-05,0.0004999500049995
short_k10,test,jaccard,raw,range,0.07940070643415414,0.033455049135813875,0.05230097204488977,4.518492080686002,9.999000099990002e-05,0.0004999500049995
short_k10,test,jaccard,raw,weighted_sd,0.017776902773625147,0.008160911461267904,0.011451294826593718,4.963927041261382,9.999000099990002e-05,0.0004999500049995
short_k10,test,jaccard,residual,range,0.048275189800229906,0.02952075415938687,0.04575954054127603,2.109004433533943,0.0334966503349665,0.16748325167483252
short_k10,test,jaccard,residual,weighted_sd,0.0125690476927519,0.007218756133882035,0.010148667195499308,3.1389093365135348,0.0024997500249975004,0.012498750124987502
short_k10,test,f1,raw,range,0.06706825707919362,0.030093175459038765,0.04679858382103107,4.059246889478486,0.000999900009999,0.004999500049995
short_k10,test,f1,raw,weighted_sd,0.016071460005680185,0.007339416451127997,0.01027387018805897,5.014091200191887,9.999000099990002e-05,0.0004999500049995
short_k10,test,f1,residual,range,0.04064007398968817,0.026542428470101073,0.04109775059593237,1.7633635363933948,0.05499450054994501,0.27497250274972507
short_k10,test,f1,residual,weighted_sd,0.011110033196861739,0.006494434717394548,0.009121890908428758,3.011856549288583,0.0026997300269973002,0.013498650134986502
short_k10,test,ddi_rate_visit,raw,range,0.01806031122464581,0.0040258153823828306,0.006186446250501018,11.543521398144096,9.999000099990002e-05,0.0004999500049995
short_k10,test,ddi_rate_visit,raw,weighted_sd,0.0038036718834473736,0.0009815769958464158,0.0013873886635532378,12.021912758428579,9.999000099990002e-05,0.0004999500049995
short_k10,test,ddi_rate_visit,residual,range,0.017417621265962163,0.00400597660157854,0.0061662784627891055,11.068248078313296,9.999000099990002e-05,0.0004999500049995
short_k10,test,ddi_rate_visit,residual,weighted_sd,0.003745095567347354,0.0009766086834255869,0.0013809269245655693,11.834846962110934,9.999000099990002e-05,0.0004999500049995
short_k10,test+eval,jaccard,raw,range,0.0734879954061598,0.022854885711085966,0.035473350377661694,7.256061338838194,9.999000099990002e-05,0.0004999500049995
short_k10,test+eval,jaccard,raw,weighted_sd,0.019234672736370546,0.005638760125325009,0.00795406674201285,10.031451821841987,9.999000099990002e-05,0.0004999500049995
short_k10,test+eval,jaccard,residual,range,0.05685314579667152,0.02078105144159501,0.03218196247864725,5.744735771038241,9.999000099990002e-05,0.0004999500049995
short_k10,test+eval,jaccard,residual,weighted_sd,0.014147287896564402,0.0051187906231473105,0.0072115182259782,7.393227317613202,9.999000099990002e-05,0.0004999500049995
short_k10,test+eval,f1,raw,range,0.062424998514854724,0.02061618264106942,0.03216702828312595,6.649644069318145,9.999000099990002e-05,0.0004999500049995
short_k10,test+eval,f1,raw,weighted_sd,0.017248561264823388,0.005086919273107167,0.007170057429552566,9.958551760111554,9.999000099990002e-05,0.0004999500049995
short_k10,test+eval,f1,residual,range,0.048734198978198445,0.01868572723213598,0.028787058386505745,5.324612933490931,9.999000099990002e-05,0.0004999500049995
short_k10,test+eval,f1,residual,weighted_sd,0.012409445286726738,0.004605591189465377,0.0064960928337207844,7.116700446760166,9.999000099990002e-05,0.0004999500049995
short_k10,test+eval,ddi_rate_visit,raw,range,0.014587967159877202,0.0034900248918849157,0.005379160503066058,10.480811350577005,9.999000099990002e-05,0.0004999500049995
short_k10,test+eval,ddi_rate_visit,raw,weighted_sd,0.003779560403116257,0.0008601602512974223,0.001215086046362492,14.111540274962378,9.999000099990002e-05,0.0004999500049995
short_k10,test+eval,ddi_rate_visit,residual,range,0.013875578315758419,0.003492465266703234,0.0053784970051576125,9.80680584965261,9.999000099990002e-05,0.0004999500049995
short_k10,test+eval,ddi_rate_visit,residual,weighted_sd,0.0037620730371782964,0.0008608139317163889,0.0012167238263173917,14.030007247396377,9.999000099990002e-05,0.0004999500049995
concise_k10,test,jaccard,raw,range,0.09067882452352688,0.03253150588376376,0.04956401188214671,6.085629651953017,9.999000099990002e-05,0.0004999500049995
concise_k10,test,jaccard,raw,weighted_sd,0.02091420440181166,0.00818354935472666,0.0115041827912304,6.545350531169757,9.999000099990002e-05,0.0004999500049995
concise_k10,test,jaccard,residual,range,0.06233129696315819,0.028784889879406972,0.04389556756151016,3.962596622216117,0.0004999500049995,0.0024997500249975
concise_k10,test,jaccard,residual,weighted_sd,0.013926796545943814,0.007240085763546717,0.010166858555707778,3.8886557162189477,0.00029997000299970003,0.0014998500149985001
concise_k10,test,f1,raw,range,0.07832951476400885,0.029247435494996726,0.04438994920320853,5.734389580341208,9.999000099990002e-05,0.0004999500049995
concise_k10,test,f1,raw,weighted_sd,0.01865091799992104,0.0073572467071764125,0.01030539865451793,6.47439535236737,9.999000099990002e-05,0.0004999500049995
concise_k10,test,f1,residual,range,0.050698760201825836,0.025916756423771517,0.039510615586347546,3.2645463579113234,0.0045995400459954,0.022997700229977002
concise_k10,test,f1,residual,weighted_sd,0.012239110929832146,0.006513415011588168,0.009143236652146666,3.7135297847712545,0.00039996000399960006,0.001999800019998
concise_k10,test,ddi_rate_visit,raw,range,0.018417228594834863,0.003933530712342936,0.006023434882454738,12.409791001907042,9.999000099990002e-05,0.0004999500049995
concise_k10,test,ddi_rate_visit,raw,weighted_sd,0.0040753997304553095,0.0009840438881538781,0.001393739214221051,13.045092115833379,9.999000099990002e-05,0.0004999500049995
concise_k10,test,ddi_rate_visit,residual,range,0.018264925523938377,0.003914763389236896,0.005999332098200123,12.347379441289652,9.999000099990002e-05,0.0004999500049995
concise_k10,test,ddi_rate_visit,residual,weighted_sd,0.004035351391457946,0.000979423436323427,0.001384981620664475,12.94536383103759,9.999000099990002e-05,0.0004999500049995
concise_k10,test+eval,jaccard,raw,range,0.08189046162746405,0.022124492300980382,0.03365172594269623,9.395211638331162,9.999000099990002e-05,0.0004999500049995
concise_k10,test+eval,jaccard,raw,weighted_sd,0.021550060831703577,0.005645074318185853,0.00794038230819159,11.878039332168427,9.999000099990002e-05,0.0004999500049995
concise_k10,test+eval,jaccard,residual,range,0.05820285563262051,0.020083557562057677,0.030609386979431732,6.548081922063788,9.999000099990002e-05,0.0004999500049995
concise_k10,test+eval,jaccard,residual,weighted_sd,0.01496399074126603,0.0051235706733170705,0.007173429346266577,8.12492276803989,9.999000099990002e-05,0.0004999500049995
concise_k10,test+eval,f1,raw,range,0.0708461629628464,0.019970390058620245,0.03039719362536483,8.854669098191604,9.999000099990002e-05,0.0004999500049995
concise_k10,test+eval,f1,raw,weighted_sd,0.019287680515195506,0.005092139274644368,0.007169852402151408,11.73115416608686,9.999000099990002e-05,0.0004999500049995
concise_k10,test+eval,f1,residual,range,0.049241812357238554,0.01807150490583535,0.027535952183212652,5.943250330433562,9.999000099990002e-05,0.0004999500049995
concise_k10,test+eval,f1,residual,weighted_sd,0.013051482830872343,0.004608862244574213,0.006466238469636371,7.742020845426936,9.999000099990002e-05,0.0004999500049995
concise_k10,test+eval,ddi_rate_visit,raw,range,0.018126015684345444,0.0033809053463141362,0.0051613438791133035,14.859170701660778,9.999000099990002e-05,0.0004999500049995
concise_k10,test+eval,ddi_rate_visit,raw,weighted_sd,0.004214303332201301,0.0008631833173502583,0.0012211196421161635,16.280188098834454,9.999000099990002e-05,0.0004999500049995
concise_k10,test+eval,ddi_rate_visit,residual,range,0.01828064817107136,0.0033824196099413954,0.005158153617490645,15.007328187733716,9.999000099990002e-05,0.0004999500049995
concise_k10,test+eval,ddi_rate_visit,residual,weighted_sd,0.004178442683969229,0.0008637436533343644,0.001220062162749732,16.10519813649318,9.999000099990002e-05,0.0004999500049995
long_k25,test,jaccard,raw,range,0.12180198723464569,0.06216542796423448,0.08725141188270508,4.325045212653575,0.0008999100089991,0.0044995500449955
long_k25,test,jaccard,raw,weighted_sd,0.025284970813360324,0.013063394867584921,0.016340255122872533,6.305100688517001,9.999000099990002e-05,0.0004999500049995
long_k25,test,jaccard,residual,range,0.09816640971369942,0.05507788128297186,0.07706992147296089,3.4938669341849202,0.0031996800319968005,0.015998400159984
long_k25,test,jaccard,residual,weighted_sd,0.018322491186710976,0.011561627328815596,0.014440699603594712,3.9151481307845977,9.999000099990002e-05,0.0004999500049995
long_k25,test,f1,raw,range,0.1090731973945146,0.05585877932569237,0.0784122766547358,4.293813608768252,0.0010998900109989002,0.0054994500549945015
long_k25,test,f1,raw,weighted_sd,0.022732948379276276,0.011748080167897936,0.014716679906563286,6.304461085422913,9.999000099990002e-05,0.0004999500049995
long_k25,test,f1,residual,range,0.08423732154689884,0.049519566241093216,0.06980412278453431,3.119509376981334,0.006399360063993601,0.031996800319968
long_k25,test,f1,residual,weighted_sd,0.016281929923090976,0.010401421546542446,0.012984839882747881,3.794155736650443,9.999000099990002e-05,0.0004999500049995
long_k25,test,ddi_rate_visit,raw,range,0.024244709828310514,0.007494970559117777,0.010510998991347978,9.993392310955917,9.999000099990002e-05,0.0004999500049995
long_k25,test,ddi_rate_visit,raw,weighted_sd,0.004679833120100663,0.0015683542532419711,0.001969414543484022,13.112583166194431,9.999000099990002e-05,0.0004999500049995
long_k25,test,ddi_rate_visit,residual,range,0.023977406315980013,0.007463061015897307,0.010482978763404045,9.901881180634506,9.999000099990002e-05,0.0004999500049995
long_k25,test,ddi_rate_visit,residual,weighted_sd,0.004645424466938147,0.001561197651481886,0.001963649531162663,13.058291933624487,9.999000099990002e-05,0.0004999500049995
long_k25,test+eval,jaccard,raw,range,0.09999969149931287,0.04970222356840939,0.07170019925799921,4.2524102030070425,0.0010998900109989002,0.0054994500549945015
long_k25,test+eval,jaccard,raw,weighted_sd,0.023431249781115885,0.009357741308461879,0.01164288847238554,10.42767867038333,9.999000099990002e-05,0.0004999500049995
long_k25,test+eval,jaccard,residual,range,0.08503536019824667,0.045093983024179024,0.06532805000019909,3.668121272530155,0.0021997800219978004,0.010998900109989003
long_k25,test+eval,jaccard,residual,weighted_sd,0.016904020723850617,0.008499878266689602,0.010571011365500834,6.889054137548309,9.999000099990002e-05,0.0004999500049995
long_k25,test+eval,f1,raw,range,0.08867463288052801,0.044864773081678105,0.06474980519722381,4.088609475463976,0.0014998500149985001,0.007499250074992501
long_k25,test+eval,f1,raw,weighted_sd,0.021002250123727525,0.008443368016760482,0.010492125881070263,10.291519632663917,9.999000099990002e-05,0.0004999500049995
long_k25,test+eval,f1,residual,range,0.0752662863980549,0.04057695534199837,0.05918463340240535,3.5211686350490483,0.0029997000299970002,0.014998500149985002
long_k25,test+eval,f1,residual,weighted_sd,0.015053862159969794,0.007647834027049207,0.009508177745044718,6.741627065419903,9.999000099990002e-05,0.0004999500049995
long_k25,test+eval,ddi_rate_visit,raw,range,0.025786490049363342,0.00764090881680013,0.011004959021413139,9.852082619459752,9.999000099990002e-05,0.0004999500049995
long_k25,test+eval,ddi_rate_visit,raw,weighted_sd,0.00434762880798139,0.001430192954707152,0.0017773050881952099,14.149526920200325,9.999000099990002e-05,0.0004999500049995
long_k25,test+eval,ddi_rate_visit,residual,range,0.02586647154957671,0.007642134365978012,0.010984873079891658,9.893984826151241,9.999000099990002e-05,0.0004999500049995
long_k25,test+eval,ddi_rate_visit,residual,weighted_sd,0.004320880764163407,0.0014310582675305418,0.0017780574669097392,14.017993736575574,9.999000099990002e-05,0.0004999500049995
ccs_group,test,jaccard,raw,range,0.2433474817773033,0.06358604970594646,0.08981432752459358,12.32931639598921,9.999000099990002e-05,0.0004999500049995
ccs_group,test,jaccard,raw,weighted_sd,0.044835867261205094,0.012079447440816833,0.015420728258332853,16.530979485708443,9.999000099990002e-05,0.0004999500049995
ccs_group,test,jaccard,residual,range,0.11868997180178587,0.05643117933086071,0.0801951517354865,4.782734272628897,0.00019998000199980003,0.000999900009999
ccs_group,test,jaccard,residual,weighted_sd,0.02477689198348779,0.010694695021023711,0.01364572519937173,8.091273275130732,9.999000099990002e-05,0.0004999500049995
ccs_group,test,f1,raw,range,0.20808016506298854,0.057141926442715804,0.08074294931192613,11.527769167567376,9.999000099990002e-05,0.0004999500049995
ccs_group,test,f1,raw,weighted_sd,0.03768707809390044,0.010861901787259941,0.013875682119050095,15.027236350146023,9.999000099990002e-05,0.0004999500049995
ccs_group,test,f1,residual,range,0.09333360127560356,0.050757195045391404,0.07221186400098015,3.6128035225120905,0.0016998300169983002,0.0084991500849915
ccs_group,test,f1,residual,weighted_sd,0.02001228173476809,0.009619026631028751,0.012261687435995563,6.633418953822747,9.999000099990002e-05,0.0004999500049995
ccs_group,test,ddi_rate_visit,raw,range,0.016570105304228734,0.007641868077663834,0.010737890176652654,5.149369469790629,9.999000099990002e-05,0.0004999500049995
ccs_group,test,ddi_rate_visit,raw,weighted_sd,0.0026929198532681738,0.001449922500289694,0.001849647390825706,5.267787641780566,9.999000099990002e-05,0.0004999500049995
ccs_group,test,ddi_rate_visit,residual,range,0.016888699095141395,0.007610856941013668,0.010701941550668382,5.368881419587706,9.999000099990002e-05,0.0004999500049995
ccs_group,test,ddi_rate_visit,residual,weighted_sd,0.002599183519193256,0.0014434631223027683,0.0018412269339451363,4.911588793613451,9.999000099990002e-05,0.0004999500049995
ccs_group,test+eval,jaccard,raw,range,0.21804568436960464,0.05011211777702903,0.07169922968321023,14.069090958477663,9.999000099990002e-05,0.0004999500049995
ccs_group,test+eval,jaccard,raw,weighted_sd,0.03916809791832392,0.008676368111532936,0.010986579204486549,22.297003348784212,9.999000099990002e-05,0.0004999500049995
ccs_group,test+eval,jaccard,residual,range,0.10484777856165856,0.04541963317162864,0.0652434124677778,5.428969458783942,0.00019998000199980003,0.000999900009999
ccs_group,test+eval,jaccard,residual,weighted_sd,0.022887461992317056,0.007878170227638984,0.010008187503950378,12.164924036721315,9.999000099990002e-05,0.0004999500049995
ccs_group,test+eval,f1,raw,range,0.18682704710548093,0.045210456782832,0.0646629312909977,13.094007264473744,9.999000099990002e-05,0.0004999500049995
ccs_group,test+eval,f1,raw,weighted_sd,0.033125390647032266,0.007827988347634589,0.009911080174676661,20.504420970056945,9.999000099990002e-05,0.0004999500049995
ccs_group,test+eval,f1,residual,range,0.08043354989681162,0.04086248971536565,0.058959117593304924,3.9976642549505605,0.0020997900209979003,0.010498950104989501
ccs_group,test+eval,f1,residual,weighted_sd,0.018683788521496675,0.007087792986492266,0.009012944394428494,10.446325586571708,9.999000099990002e-05,0.0004999500049995
ccs_group,test+eval,ddi_rate_visit,raw,range,0.019661348780547414,0.007664848524793695,0.011050015253144429,6.374345323426583,9.999000099990002e-05,0.0004999500049995
ccs_group,test+eval,ddi_rate_visit,raw,weighted_sd,0.0028632143803283975,0.0013284421664069592,0.0016808485873414636,7.365901841955612,9.999000099990002e-05,0.0004999500049995
ccs_group,test+eval,ddi_rate_visit,residual,range,0.019633626049639946,0.0076687351929585175,0.011071723382413346,6.354046952723498,9.999000099990002e-05,0.0004999500049995
ccs_group,test+eval,ddi_rate_visit,residual,weighted_sd,0.0028600559968689127,0.0013292952619741057,0.0016822140532309067,7.340669855199615,9.999000099990002e-05,0.0004999500049995
