source,partition,group,n_visits,n_patients,small,mean_precision,ci_low_precision,ci_high_precision,mean_recall,ci_low_recall,ci_high_recall,mean_f1,ci_low_f1,ci_high_f1,mean_over_under,train_n_visits,train_share,test_share,share_ratio,mean_gt_freq,min_gt_freq,n_rare_gt,mean_n_med_gt,adjusted_mean_jaccard
seed0,long_k10,0.0,171,136,False,0.6174207448445675,0.5910157559503856,0.6443024592429814,0.6260832264617004,0.6130333114760327,0.638834684759726,0.602805378165545,0.5880479628201356,0.6166119620304216,-0.22807017543859648,1447,0.14409480183230433,0.07808219178082192,1.845424655045301,0.49083139467623565,0.07087681386069171,0.0,19.228070175438596,0.44624449308736447
seed0,long_k10,1.0,132,112,False,0.5586124401913874,0.5302541866028708,0.587303907917943,0.600436760811171,0.5794639204821525,0.6212268640027763,0.5632123503026044,0.5452243883310991,0.581024449702473,0.8333333333333334,1320,0.13144791874128658,0.06027397260273973,2.180840470025891,0.48579058773897693,0.0605569471047591,0.015151515151515152,18.166666666666668,0.4150062872393074
seed0,long_k10,2.0,240,171,False,0.6010964912280702,0.5769796790457452,0.6249510012660777,0.5816070672446985,0.5665551653481317,0.5979347285431239,0.5721939332550205,0.5579515908687074,0.5867535315920683,-1.325,1522,0.15156343357896834,0.1095890410958904,1.383016331408086,0.46539932789885075,0.05943369243969873,0.0125,20.325,0.4088417034990866
seed0,long_k10,3.0,239,196,False,0.5712398150187182,0.550125313283208,0.5927882228207243,0.6008290805981523,0.5880147604841816,0.6146159715886714,0.5698961354799952,0.5567613964116148,0.5827670688086064,0.46443514644351463,1367,0.13612826130252936,0.1091324200913242,1.2473677500106246,0.48753888872288925,0.06571937686462527,0.012552301255230125,18.535564853556487,0.41762934392257556
seed0,long_k10,4.0,345,227,False,0.6916857360793287,0.6723485612817305,0.7116996869027167,0.541209238199131,0.528290092483589,0.554705722332465,0.59388248083492,0.5815840965558221,0.6059778780313865,-5.933333333333334,929,0.09251145190201156,0.15753424657534246,0.5872466077258125,0.43815721553449566,0.04627981556938186,0.011594202898550725,24.933333333333334,0.4008136096385993
seed0,long_k10,5.0,499,368,False,0.6392785571142284,0.6239128500765098,0.654182870720823,0.5579207368501647,0.5480717891624155,0.5673724367230849,0.5802175508454507,0.5712307973131588,0.5886957168810247,-3.5070140280561124,1227,0.12218681537542322,0.2278538812785388,0.5362507528500539,0.45417626700209635,0.050411816100501126,0.03006012024048096,22.507014028056112,0.40111205606849715
seed0,long_k10,6.0,99,72,False,0.47846889952153104,0.4389812030075187,0.5163704150825541,0.5843401950426289,0.5626942116401102,0.6071243561912331,0.5051833888335472,0.47647265528972504,0.532074154622137,2.98989898989899,574,0.057159928301135234,0.045205479452054796,1.2644468987826885,0.4827036286031023,0.0749009785142877,0.010101010101010102,16.01010101010101,0.3763065866706259
seed0,long_k10,7.0,89,72,False,0.49260792430514483,0.4559553674250677,0.5288277511961722,0.6418581970455064,0.6160446087088794,0.6704378895090954,0.5368702918524328,0.5091576374880051,0.5626083209052265,3.8876404494382024,401,0.03993228440549691,0.040639269406392696,0.9826034027869465,0.528199443032353,0.09815633499407084,0.0,15.112359550561798,0.41146249746468994
seed0,long_k10,8.0,137,97,False,0.5094122166730695,0.48227689967953935,0.5367783589408304,0.6126145761234799,0.5935975997807469,0.6332238439189424,0.5386765905562032,0.5190082153474601,0.5578990286383,2.7445255474452557,442,0.04401513642700657,0.06255707762557078,0.7035996260959445,0.5051478638133093,0.07635527800065832,0.0,16.255474452554743,0.40305573601329864
seed0,long_k10,9.0,239,205,False,0.6595463554283197,0.6369655538151398,0.6822769091487434,0.6077336033250198,0.5944747463690561,0.6210557554196556,0.6141040429910536,0.6016287810354985,0.6271774789485607,-2.3138075313807533,813,0.08095996813383788,0.1091324200913242,0.7418507540297278,0.4775492833266997,0.06492715420937097,0.008368200836820083,21.313807531380753,0.44528526338808183
seed0,ccs_group,2ndary malig,73,57,False,0.5573179524152848,0.5263157894736842,0.5875969957657157,0.5824731922264684,0.561211228085668,0.6054777669634368,0.5618371970853163,0.5395308374892913,0.5835812676722001,0.6164383561643836,172,0.01712806213901613,0.03333333333333333,0.5138418641704839,0.4864813176997688,0.05979519313775554,0.0,18.383561643835616,0.4061943040236417
seed0,ccs_group,Ac renl fail,21,21,True,0.6140350877192982,0.5465460526315788,0.6812903970452447,0.5698858014417688,0.5319231909803319,0.6129860295565659,0.5774041739839443,0.5372107580355767,0.6156789871544673,-1.9523809523809523,159,0.015833499302927705,0.009589041095890411,1.6512077844481747,0.46336058241089095,0.0551552873985899,0.0,20.952380952380953,0.4106208613455119
seed0,ccs_group,Acute CVD,77,67,False,0.5707450444292549,0.5375924442253175,0.6044891640866872,0.5686142628646168,0.5479006485352074,0.5913098990027049,0.5557196257033802,0.5348533117627512,0.5767007454364079,-0.5844155844155844,249,0.024795857398924516,0.03515981735159817,0.705232827320061,0.48155379104376156,0.06768500828945104,0.012987012987012988,19.584415584415584,0.39524756638542047
seed0,ccs_group,Acute MI,58,56,False,0.6696914700544465,0.6203533218291628,0.7201385817484888,0.5976292671260686,0.5749352767241938,0.6213737833050084,0.6086605877421853,0.5880095730847212,0.6282527196016131,-3.2241379310344827,514,0.05118502290380402,0.026484018264840183,1.9326758648160485,0.4697735129474952,0.06067111358040114,0.0,22.224137931034484,0.43173148236400805
seed0,ccs_group,Adlt resp fl,70,60,False,0.6511278195488721,0.6143086231203007,0.6881993006993007,0.5883074515061754,0.5647303376571156,0.6127925613473381,0.6065351924309554,0.584421548933039,0.6300923315628557,-2.4714285714285715,508,0.0505875323640709,0.0319634703196347,1.582667083961647,0.46156836512948923,0.059678847227707936,0.0,21.47142857142857,0.4374931224212953
seed0,ccs_group,Alcohol-related disorders,34,25,False,0.479876160990712,0.406694439861409,0.5467902711323763,0.5481085657382497,0.5096390367769331,0.5831160458850888,0.49614207745016864,0.4432490585085289,0.5415845264126538,2.323529411764706,157,0.01563433578968333,0.015525114155251141,1.0070351582178378,0.4703195242223647,0.058907651152748264,0.0,16.676470588235293,0.35990682672379865
seed0,ccs_group,Aneurysm,43,39,False,0.7686658506731946,0.7228746954494248,0.8120343472317156,0.6193172419343932,0.5836218203445503,0.6568173325019899,0.6676397932044159,0.6383844057154257,0.6932343651193527,-5.558139534883721,174,0.017327225652260504,0.019634703196347032,0.8824796320569884,0.47016347536597775,0.07153230294416964,0.0,24.558139534883722,0.4829373021445388
seed0,ccs_group,Asp pneumon,39,33,False,0.6167341430499325,0.5721986417657045,0.6641682330827069,0.5862362465627259,0.5504703113538718,0.6266738801366756,0.5867259981753762,0.564131264404774,0.6100972780563462,-1.7692307692307692,154,0.015335590519816769,0.01780821917808219,0.8611523907281724,0.46957331560070825,0.05822461137553138,0.0,20.76923076923077,0.4191041978435228
seed0,ccs_group,Complic devi,107,94,False,0.6517461878996557,0.6196974122320229,0.6864289012003693,0.5638440070172563,0.5439685609922573,0.5850831426502447,0.5871823481047148,0.5693830932066669,0.6052847919255514,-3.7850467289719627,702,0.06990639314877514,0.04885844748858448,1.4307944018300707,0.456393558812465,0.05286000554207657,0.009345794392523364,22.785046728971963,0.410569831421051
seed0,ccs_group,Complic proc,106,94,False,0.6290963257199603,0.594671977507029,0.6623449713392391,0.597654232804476,0.5786297645570311,0.6171687591769673,0.5969670350107492,0.5768221815897447,0.6168317604028022,-1.509433962264151,364,0.036247759410476,0.048401826484018265,0.7488923878202116,0.47292912677026233,0.05939645666529356,0.009433962264150943,20.50943396226415,0.43530889294266867
seed0,ccs_group,Coron athero,66,63,False,0.7926634768740032,0.750203634085213,0.8307564499484005,0.5782452964609813,0.5632381576343721,0.594166441933451,0.6556190335287384,0.6369893105978993,0.6738229866391557,-7.575757575757576,351,0.03495319657438757,0.030136986301369864,1.1598106136046784,0.44195399823681236,0.056107841692740155,0.0,26.575757575757574,0.45702177302602465
seed0,ccs_group,DiabMel w/cm,35,27,False,0.6,0.5237303433889602,0.6868421052631579,0.5363447380514668,0.497703118829225,0.5743854429967569,0.5517059585465627,0.5023068156881128,0.5982537533745121,-2.6,220,0.0219079864568811,0.01598173515981735,1.3708140097305603,0.44243042958621337,0.050651703144791144,0.02857142857142857,21.6,0.3802325856207117
seed0,ccs_group,Dysrhythmia,48,40,False,0.5603070175438596,0.5146198830409356,0.6079866749450757,0.5935655708036038,0.5648929660458731,0.62327513001419,0.5609713867778205,0.5346211699736115,0.5865011757702948,0.5625,154,0.015335590519816769,0.021917808219178082,0.6996863174666401,0.4761076674903654,0.05363754091588013,0.0,18.4375,0.4060022915913776
seed0,ccs_group,GI hemorrhag,76,65,False,0.47576177285318555,0.42961973601508474,0.5196487504696529,0.6405046727671475,0.6123390752265198,0.6680961546138173,0.5198141154303976,0.48649440727615084,0.5508157421366969,4.342105263157895,332,0.033061143198566026,0.034703196347031964,0.9526829421692052,0.5078388538425118,0.08564360658534505,0.0,14.657894736842104,0.39390568799828013
seed0,ccs_group,Hrt valve dx,68,65,False,0.8126934984520124,0.7836233729485003,0.8421052631578947,0.5611195710412167,0.5443960876298087,0.5798672254271409,0.6552284172946694,0.6403798433427725,0.6697268465760946,-9.029411764705882,285,0.028380800637323244,0.031050228310502283,0.9140287264079103,0.43346461557100013,0.050588010969475024,0.014705882352941176,28.029411764705884,0.44719281329405897
seed0,ccs_group,Intracrn inj,44,37,False,0.5813397129186603,0.5398096304591266,0.6235726544622425,0.5911114702566574,0.5624415187032997,0.6203906235994068,0.5721810296867728,0.5441886759014976,0.5985953015338596,-0.13636363636363635,150,0.014937263493328022,0.02009132420091324,0.7434683420542811,0.48442966770867835,0.05811499492975325,0.0,19.136363636363637,0.411895532537675
seed0,ccs_group,Oth liver dx,34,29,False,0.5820433436532508,0.5162883169462117,0.648438596491228,0.5409641145234706,0.5046790713396329,0.5736434646318155,0.5318115025685655,0.4973770966448312,0.5629905989066876,-2.8823529411764706,176,0.01752638916550488,0.015525114155251141,1.128905655072226,0.4419074096637596,0.05516984179504579,0.029411764705882353,21.88235294117647,0.35935404922851455
seed0,ccs_group,Pneumonia,62,55,False,0.6154499151103565,0.5789288361749444,0.6510493932765509,0.5446454994407209,0.5226375319007018,0.5664668800571724,0.5686902435820842,0.5466404552212774,0.5911843565689514,-2.8870967741935485,272,0.027086237801234814,0.028310502283105023,0.9567558191081329,0.4498525881783167,0.05019851826337268,0.0,21.887096774193548,0.3973199824439934
seed0,ccs_group,Septicemia,199,174,False,0.6363395927003438,0.616044406169609,0.6585230900777254,0.5798585635203519,0.5646587313169097,0.5954551809347643,0.593254361799556,0.581694673408559,0.6051573414455562,-2.4824120603015074,961,0.09569806811392154,0.0908675799086758,1.0531596440677797,0.4681220957075891,0.05662979785954273,0.010050251256281407,21.482412060301506,0.423361275615015
seed0,ccs_group,chf;nonhp,82,70,False,0.6598202824133504,0.6245565969718817,0.6936393759088098,0.5687434615216871,0.5439917449378515,0.595724469100082,0.5944814193795789,0.5747970140536439,0.613573190867977,-3.926829268292683,444,0.044214299940250945,0.03744292237442922,1.180845327672556,0.4572132793079205,0.05646914653911531,0.0,22.926829268292682,0.41564285898014786
seed0,ccs_group,기타(소규모),832,607,False,0.5751518218623481,0.562433269929576,0.5880799058461108,0.5900728747453647,0.5813387789821962,0.5993145943730698,0.5612738072461461,0.5533611158844096,0.5691716715736425,-0.3545673076923077,3326,0.33120892252539336,0.37990867579908677,0.8718119475127541,0.47938374269200046,0.06397957200583762,0.026442307692307692,19.354567307692307,0.403436732871523
seed0,ccs_group,미지정/매핑불가,16,16,True,0.6348684210526315,0.5706255771006463,0.7105263157894736,0.5902651515151515,0.5469726445123503,0.6363781283820346,0.6007087676393601,0.5654251591220474,0.6389660977606291,-1.9375,218,0.021708822943636727,0.0073059360730593605,2.971395140410277,0.4712018552908861,0.05796548765373248,0.0,20.9375,0.4317484179460957
