source,partition,group,adjusted_mean_v1,adjusted_mean_v2,gap_range_v1,gap_wsd_v1,gap_range_v2,gap_wsd_v2,n_groups_used_v1,n_groups_used_v2
seed0,long_k10,0.0,0.467866250133086,0.4522206444859014,0.06322846018578353,0.014076212637588329,0.020133774564949004,0.004778176724793555,10,10
seed0,long_k10,1.0,0.44438691746986414,0.447664736357108,0.06322846018578353,0.014076212637588329,0.020133774564949004,0.004778176724793555,10,10
seed0,long_k10,2.0,0.43483099050371277,0.44651000155404197,0.06322846018578353,0.014076212637588329,0.020133774564949004,0.004778176724793555,10,10
seed0,long_k10,3.0,0.44752045784212746,0.44461280698024175,0.06322846018578353,0.014076212637588329,0.020133774564949004,0.004778176724793555,10,10
seed0,long_k10,4.0,0.4399797596546392,0.4446257572380252,0.06322846018578353,0.014076212637588329,0.020133774564949004,0.004778176724793555,10,10
seed0,long_k10,5.0,0.4397978379114973,0.4463164541637459,0.06322846018578353,0.014076212637588329,0.020133774564949004,0.004778176724793555,10,10
seed0,long_k10,6.0,0.40815239495033717,0.4383253980530488,0.06322846018578353,0.014076212637588329,0.020133774564949004,0.004778176724793555,10,10
seed0,long_k10,7.0,0.4715382256319033,0.44246988647851615,0.06322846018578353,0.014076212637588329,0.020133774564949004,0.004778176724793555,10,10
seed0,long_k10,8.0,0.4398435984784902,0.43238892277700436,0.06322846018578353,0.014076212637588329,0.020133774564949004,0.004778176724793555,10,10
seed0,long_k10,9.0,0.47042629151470283,0.4532726477861606,0.06322846018578353,0.014076212637588329,0.020133774564949004,0.004778176724793555,10,10
seed0,ccs_group,2ndary malig,0.4305636542817027,0.4324578215292778,0.11494008962717947,0.01675339517281976,0.038812886203266304,0.007792997547528562,20,20
seed0,ccs_group,Ac renl fail,0.4601559253845052,0.4633881255466381,0.11494008962717947,0.01675339517281976,0.038812886203266304,0.007792997547528562,20,20
seed0,ccs_group,Acute CVD,0.4329902692105535,0.4300596698264858,0.11494008962717947,0.01675339517281976,0.038812886203266304,0.007792997547528562,20,20
seed0,ccs_group,Acute MI,0.4687197757410453,0.4532640008288329,0.11494008962717947,0.01675339517281976,0.038812886203266304,0.007792997547528562,20,20
seed0,ccs_group,Adlt resp fl,0.45841708236226325,0.4618895973275077,0.11494008962717947,0.01675339517281976,0.038812886203266304,0.007792997547528562,20,20
seed0,ccs_group,Alcohol-related disorders,0.38708942258267215,0.43202569591734097,0.11494008962717947,0.01675339517281976,0.038812886203266304,0.007792997547528562,20,20
seed0,ccs_group,Aneurysm,0.5051207718458959,0.46794020826981786,0.11494008962717947,0.01675339517281976,0.038812886203266304,0.007792997547528562,20,20
seed0,ccs_group,Asp pneumon,0.4489755818892323,0.44706133777979495,0.11494008962717947,0.01675339517281976,0.038812886203266304,0.007792997547528562,20,20
seed0,ccs_group,Complic devi,0.4469354848483726,0.4450717206930026,0.11494008962717947,0.01675339517281976,0.038812886203266304,0.007792997547528562,20,20
seed0,ccs_group,Complic proc,0.46283412736059465,0.45908891623731485,0.11494008962717947,0.01675339517281976,0.038812886203266304,0.007792997547528562,20,20
seed0,ccs_group,Coron athero,0.4673150644032425,0.4531857387153,0.11494008962717947,0.01675339517281976,0.038812886203266304,0.007792997547528562,20,20
seed0,ccs_group,DiabMel w/cm,0.39345736357688293,0.42859490495220065,0.11494008962717947,0.01675339517281976,0.038812886203266304,0.007792997547528562,20,20
seed0,ccs_group,Dysrhythmia,0.430903085754781,0.4464391480077641,0.11494008962717947,0.01675339517281976,0.038812886203266304,0.007792997547528562,20,20
seed0,ccs_group,GI hemorrhag,0.43848246915312067,0.44155557553789926,0.11494008962717947,0.01675339517281976,0.038812886203266304,0.007792997547528562,20,20
seed0,ccs_group,Hrt valve dx,0.45802434266658,0.4415787546333778,0.11494008962717947,0.01675339517281976,0.038812886203266304,0.007792997547528562,20,20
seed0,ccs_group,Intracrn inj,0.45206413736505424,0.4504355815808001,0.11494008962717947,0.01675339517281976,0.038812886203266304,0.007792997547528562,20,20
seed0,ccs_group,Oth liver dx,0.4062523678701638,0.4402661399428158,0.11494008962717947,0.01675339517281976,0.038812886203266304,0.007792997547528562,20,20
seed0,ccs_group,Pneumonia,0.4381887247588986,0.4561422024522077,0.11494008962717947,0.01675339517281976,0.038812886203266304,0.007792997547528562,20,20
seed0,ccs_group,Septicemia,0.4600433228972742,0.45097908584693336,0.11494008962717947,0.01675339517281976,0.038812886203266304,0.007792997547528562,20,20
seed0,ccs_group,chf;nonhp,0.44897201703826023,0.4438576264431564,0.11494008962717947,0.01675339517281976,0.038812886203266304,0.007792997547528562,20,20
seed0,ccs_group,기타(소규모),0.4408706252788058,0.44247396274006157,0.11494008962717947,0.01675339517281976,0.038812886203266304,0.007792997547528562,20,20
seed0,ccs_group,미지정/매핑불가,0.46918370831764483,0.46592494100641524,0.11494008962717947,0.01675339517281976,0.038812886203266304,0.007792997547528562,20,20
