variant,p_floor,eval_mean_jaccard,eval_mean_ddi
ccs,0.25,0.5098133225052124,0.06176651484524023
ccs,0.3,0.5117949349706512,0.061193849314015065
ccs,0.35,0.5135367739794914,0.06041858239106322
ccs,0.4,0.5150404459277549,0.05943564219361579
ccs,0.45,0.515095579011444,0.058624428663476835
ccs,0.5,0.5123577349198577,0.0582460775479976
k10,0.25,0.5098710153108201,0.06143519924048411
k10,0.3,0.5117964399611172,0.06088884908999533
k10,0.35,0.5136439602939722,0.06040090927779613
k10,0.4,0.5152353330532375,0.059562080389316076
k10,0.45,0.5151979379160597,0.05875774444815348
k10,0.5,0.5123899869920272,0.05853887940607462
global,0.25,0.5093781013367787,0.06181971892197833
global,0.3,0.5113659812677132,0.06114583210462459
global,0.35,0.5131964143816887,0.06046728511011842
global,0.4,0.5147603720853532,0.059614261390314234
global,0.45,0.5147524860604179,0.058789706240414484
global,0.5,0.5121608677166707,0.058410892222871554
