variant,outcome,source,statistic,observed,null_mean,null_p95,z,p_raw,p_bonferroni,delta_vs_baseline,delta_ci_low,delta_ci_high,baseline_observed
baseline,jaccard,raw,range,0.0819160495758969,0.0306276036280761,0.0466275820042421,5.769332693198985,9.999000099990002e-05,0.0004999500049995,,,,
baseline,jaccard,raw,weighted_sd,0.0212995863949409,0.0079962674521642,0.0113105815361917,6.934934212240096,9.999000099990002e-05,0.0004999500049995,,,,
baseline,jaccard,residual,range,0.0552825140167228,0.0282003945731528,0.0433576613809318,3.31337094612543,0.0030996900309969,0.0154984501549845,,,,
baseline,jaccard,residual,weighted_sd,0.0160180601895789,0.0073630751585406,0.0103442206030498,4.961182196666327,9.999000099990002e-05,0.0004999500049995,,,,
baseline,ddi_rate_visit,raw,range,0.0113863864535573,0.0050753954836909,0.0077133050699007,4.295686621329143,0.0003999600039996,0.001999800019998,,,,
baseline,ddi_rate_visit,raw,weighted_sd,0.0028114731114841,0.0013250885850918,0.0018694295768878,4.672796054093487,9.999000099990002e-05,0.0004999500049995,,,,
baseline,ddi_rate_visit,residual,range,0.0125511059971706,0.0050510524607665,0.007694206152258,5.109949035885197,0.0001999800019998,0.000999900009999,,,,
baseline,ddi_rate_visit,residual,weighted_sd,0.0027802417110638,0.0013180105489746,0.0018650267544998,4.611980438797857,9.999000099990002e-05,0.0004999500049995,,,,
baseline,precision,raw,range,0.1388922622307046,0.04014670676820476,0.06094093429305874,8.51440330310091,9.999000099990002e-05,0.00019998000199980003,,,,
baseline,precision,raw,weighted_sd,0.037130979251896325,0.010450295509160374,0.01470394624480186,10.721923344975067,9.999000099990002e-05,0.00019998000199980003,,,,
baseline,recall,raw,range,0.07181874094846796,0.03430708667180694,0.05223842767288096,3.7856712816929567,0.0013998600139986002,0.0027997200279972004,,,,
baseline,recall,raw,weighted_sd,0.017682018630931072,0.00896222627928622,0.012595214837359916,4.090369699008981,0.00019998000199980003,0.00039996000399960006,,,,
no_ddi,jaccard,raw,range,0.0891929180689313,0.0319856908423249,0.0487261122763873,6.1520751163850464,9.999000099990002e-05,0.0004999500049995,0.0072768684930345495,-0.010337879372522927,0.022525090662157084,0.0819160495758969
no_ddi,jaccard,raw,weighted_sd,0.0230179452223855,0.008345929555286,0.011795427456301,7.379048966061232,9.999000099990002e-05,0.0004999500049995,,,,
no_ddi,jaccard,residual,range,0.0522328069484716,0.028051400243393,0.0427638285638862,2.9595560694143117,0.0073992600739926,0.036996300369963,,,,
no_ddi,jaccard,residual,weighted_sd,0.015220448448192,0.0073085457205203,0.0103004534463503,4.552085569757709,9.999000099990002e-05,0.0004999500049995,,,,
no_ddi,ddi_rate_visit,raw,range,0.0339840279461711,0.0098688973881512,0.015007552892256,8.385266043729082,9.999000099990002e-05,0.0004999500049995,0.022597641492613757,0.016184241985729805,0.029187773497309277,0.0113863864535573
no_ddi,ddi_rate_visit,raw,weighted_sd,0.0089612779864311,0.0025765672090135,0.003613392817722,10.426630867752374,9.999000099990002e-05,0.0004999500049995,,,,
no_ddi,ddi_rate_visit,residual,range,0.0346244524818609,0.0099039040788214,0.0150355285531251,8.56575269866274,9.999000099990002e-05,0.0004999500049995,,,,
no_ddi,ddi_rate_visit,residual,weighted_sd,0.009063994454598,0.0025848296826337,0.0036270128831373,10.555480017399027,9.999000099990002e-05,0.0004999500049995,,,,
no_ddi,precision,raw,range,0.11507109799286919,0.038400553427275726,0.058334463522653354,6.883780466028799,9.999000099990002e-05,0.00019998000199980003,-0.023821164237835202,-0.04334474070714195,-0.007160154686142373,0.1388922622307046
no_ddi,precision,raw,weighted_sd,0.03041495635552679,0.010019580812050873,0.014107090673112216,8.569053528390583,9.999000099990002e-05,0.00019998000199980003,,,,
no_ddi,recall,raw,range,0.05472926170649006,0.03293355098397471,0.0503322663646669,2.2699244798739144,0.024997500249975,0.04999500049995,-0.017089479241978456,-0.039718299682292096,0.015350702781001634,0.07181874094846796
no_ddi,recall,raw,weighted_sd,0.012786660883321622,0.008584375364142948,0.011992783770049895,2.054286453538127,0.0240975902409759,0.0481951804819518,,,,
W,jaccard,raw,range,0.0905294160364335,0.0310931856774073,0.0471387228908794,6.650414114124203,9.999000099990002e-05,0.0004999500049995,0.008613366460537009,-0.01058580709101948,0.022578277279074042,0.0819160495758969
W,jaccard,raw,weighted_sd,0.0222149991668004,0.0081307839391768,0.0114326586292088,7.298965956920388,9.999000099990002e-05,0.0004999500049995,,,,
W,jaccard,residual,range,0.0620374842259003,0.0281491156935439,0.042639105735742,4.202545807577787,0.0008999100089991,0.0044995500449955,,,,
W,jaccard,residual,weighted_sd,0.015741471616489,0.0073670534786032,0.0102999034471097,4.821096894572625,9.999000099990002e-05,0.0004999500049995,,,,
W,ddi_rate_visit,raw,range,0.0359628286434822,0.00855163298905,0.0130119794568397,11.057086007628394,9.999000099990002e-05,0.0004999500049995,0.024576442189924837,0.017454904797877726,0.03110421474906287,0.0113863864535573
W,ddi_rate_visit,raw,weighted_sd,0.0091703057062687,0.0022337999428367,0.0031401934986954,13.071408472970456,9.999000099990002e-05,0.0004999500049995,,,,
W,ddi_rate_visit,residual,range,0.0360748927703596,0.008548351343458,0.013000822195796,11.118918506902109,9.999000099990002e-05,0.0004999500049995,,,,
W,ddi_rate_visit,residual,weighted_sd,0.0090645164848653,0.0022326036820464,0.0031362969254825,12.887788711806632,9.999000099990002e-05,0.0004999500049995,,,,
W,precision,raw,range,0.12730999898312367,0.03764104626742018,0.05728695615187482,8.151286967339024,9.999000099990002e-05,0.00019998000199980003,-0.011582263247580826,-0.0287647219766888,0.0011466321757226173,0.1388922622307046
W,precision,raw,weighted_sd,0.03281523321302974,0.009838902815878375,0.013839704926521772,9.7725270109844,9.999000099990002e-05,0.00019998000199980003,,,,
W,recall,raw,range,0.05737334990260534,0.03423753962866596,0.051723006199109606,2.337795065183286,0.020997900209979003,0.041995800419958006,-0.014445391045863398,-0.03939266800231769,0.017351232373156847,0.07181874094846796
W,recall,raw,weighted_sd,0.014237183544345073,0.008945513670951864,0.012585762115419818,2.495748285598199,0.007899210078992101,0.015798420157984203,,,,
