source,partition,scope,source_metric,statistic,observed,null_mean,null_p95,z,p_raw,p_bonferroni
seed0,long_k10,test,precision,range,0.12143877055429453,0.039219356498758996,0.05955167457365214,7.19925630403508,9.999000099990002e-05,0.00019998000199980003
seed0,long_k10,test,precision,weighted_sd,0.034907815729378906,0.010224631796867263,0.014455221761493438,10.037565232184077,9.999000099990002e-05,0.00019998000199980003
seed0,long_k10,test,recall,range,0.07048981205902316,0.03545939884835372,0.05418821377207396,3.394782008861632,0.0031996800319968005,0.006399360063993601
seed0,long_k10,test,recall,weighted_sd,0.01708712358439621,0.009274205468990483,0.01304768788473813,3.547578832759273,0.0006999300069993001,0.0013998600139986002
seed0,ccs_group,test,precision,range,0.2722692823620302,0.08001036812399769,0.11287854360318288,10.5482611921977,9.999000099990002e-05,0.00019998000199980003
seed0,ccs_group,test,precision,weighted_sd,0.050549195585569584,0.015145596340169763,0.019338053416122443,14.25821806522847,9.999000099990002e-05,0.00019998000199980003
seed0,ccs_group,test,recall,range,0.13371251074212942,0.0719649944160685,0.10221736730814021,3.723943049253595,0.0012998700129987,0.0025997400259974
seed0,ccs_group,test,recall,weighted_sd,0.023749444950517618,0.013672273667885525,0.01739365556434712,4.505275049625984,9.999000099990002e-05,0.00019998000199980003
pooled,long_k10,test,precision,range,0.13190211810961405,0.03805455466238941,0.05779194016589515,8.529495856090119,9.999000099990002e-05,0.00019998000199980003
pooled,long_k10,test,precision,weighted_sd,0.03560710877981168,0.009924327557127733,0.013990346001840162,10.857825817146239,9.999000099990002e-05,0.00019998000199980003
pooled,long_k10,test,recall,range,0.06853233501851974,0.03283739279857426,0.04995622205018803,3.7441421337266325,0.0017998200179982,0.0035996400359964
pooled,long_k10,test,recall,weighted_sd,0.016859681338690934,0.008582417167129533,0.012045373735229311,4.046431188485151,0.00019998000199980003,0.00039996000399960006
pooled,ccs_group,test,precision,range,0.27140834052348173,0.07761789138991683,0.10974919866550929,10.957365794324529,9.999000099990002e-05,0.00019998000199980003
pooled,ccs_group,test,precision,weighted_sd,0.05136113302662808,0.014681796827224662,0.018755565680657147,15.21923894546844,9.999000099990002e-05,0.00019998000199980003
pooled,ccs_group,test,recall,range,0.12249173244442702,0.0665631181951255,0.09337952675650643,3.7614712708754787,0.0011998800119988001,0.0023997600239976003
pooled,ccs_group,test,recall,weighted_sd,0.025050081894904586,0.01266601788860958,0.016094907094840072,6.062977738002901,9.999000099990002e-05,0.00019998000199980003
