partition,outcome,seed_a,seed_b,n_groups,spearman_r
ccs_group,ddi_rate_visit,0,1,22,0.7730095990965559
ccs_group,ddi_rate_visit,0,2,22,0.639751552795031
ccs_group,ddi_rate_visit,0,3,22,0.5697346132128742
ccs_group,ddi_rate_visit,1,2,22,0.4692264257481649
ccs_group,ddi_rate_visit,1,3,22,0.6905702992659515
ccs_group,ddi_rate_visit,2,3,22,0.30434782608695654
ccs_group,f1,0,1,22,0.9683794466403164
ccs_group,f1,0,2,22,0.8622247317899493
ccs_group,f1,0,3,22,0.9311123658949747
ccs_group,f1,1,2,22,0.8859401468097121
ccs_group,f1,1,3,22,0.9435347261434219
ccs_group,f1,2,3,22,0.9051383399209487
ccs_group,jaccard,0,1,22,0.9683794466403164
ccs_group,jaccard,0,2,22,0.8543195934500282
ccs_group,jaccard,0,3,22,0.8949745906267645
ccs_group,jaccard,1,2,22,0.8452851496329757
ccs_group,jaccard,1,3,22,0.8881987577639752
ccs_group,jaccard,2,3,22,0.9017504234895539
concise_k10,ddi_rate_visit,0,1,10,0.9030303030303028
concise_k10,ddi_rate_visit,0,2,10,0.9272727272727272
concise_k10,ddi_rate_visit,0,3,10,0.8303030303030302
concise_k10,ddi_rate_visit,1,2,10,0.8666666666666665
concise_k10,ddi_rate_visit,1,3,10,0.9393939393939393
concise_k10,ddi_rate_visit,2,3,10,0.8545454545454544
concise_k10,f1,0,1,10,0.9515151515151514
concise_k10,f1,0,2,10,0.7939393939393938
concise_k10,f1,0,3,10,0.9515151515151514
concise_k10,f1,1,2,10,0.7454545454545454
concise_k10,f1,1,3,10,0.8545454545454544
concise_k10,f1,2,3,10,0.7818181818181817
concise_k10,jaccard,0,1,10,0.9515151515151514
concise_k10,jaccard,0,2,10,0.7818181818181817
concise_k10,jaccard,0,3,10,0.9272727272727272
concise_k10,jaccard,1,2,10,0.709090909090909
concise_k10,jaccard,1,3,10,0.8060606060606059
concise_k10,jaccard,2,3,10,0.7939393939393938
long_k10,ddi_rate_visit,0,1,10,0.9030303030303028
long_k10,ddi_rate_visit,0,2,10,0.8545454545454544
long_k10,ddi_rate_visit,0,3,10,0.9151515151515152
long_k10,ddi_rate_visit,1,2,10,0.8545454545454544
long_k10,ddi_rate_visit,1,3,10,0.8303030303030302
long_k10,ddi_rate_visit,2,3,10,0.9030303030303028
long_k10,f1,0,1,10,0.9636363636363635
long_k10,f1,0,2,10,0.9393939393939393
long_k10,f1,0,3,10,0.9757575757575757
long_k10,f1,1,2,10,0.9757575757575757
long_k10,f1,1,3,10,0.9515151515151514
long_k10,f1,2,3,10,0.9272727272727272
long_k10,jaccard,0,1,10,0.9757575757575757
long_k10,jaccard,0,2,10,0.9272727272727272
long_k10,jaccard,0,3,10,0.9757575757575757
long_k10,jaccard,1,2,10,0.9757575757575757
long_k10,jaccard,1,3,10,0.9636363636363635
long_k10,jaccard,2,3,10,0.9030303030303028
long_k25,ddi_rate_visit,0,1,25,0.713076923076923
long_k25,ddi_rate_visit,0,2,25,0.7607692307692308
long_k25,ddi_rate_visit,0,3,25,0.8723076923076923
long_k25,ddi_rate_visit,1,2,25,0.6907692307692308
long_k25,ddi_rate_visit,1,3,25,0.726153846153846
long_k25,ddi_rate_visit,2,3,25,0.7076923076923076
long_k25,f1,0,1,25,0.9507692307692308
long_k25,f1,0,2,25,0.9215384615384615
long_k25,f1,0,3,25,0.9438461538461539
long_k25,f1,1,2,25,0.9238461538461539
long_k25,f1,1,3,25,0.9553846153846154
long_k25,f1,2,3,25,0.9553846153846154
long_k25,jaccard,0,1,25,0.93
long_k25,jaccard,0,2,25,0.8953846153846154
long_k25,jaccard,0,3,25,0.9199999999999999
long_k25,jaccard,1,2,25,0.913076923076923
long_k25,jaccard,1,3,25,0.9476923076923076
long_k25,jaccard,2,3,25,0.9392307692307692
short_k10,ddi_rate_visit,0,1,10,0.7454545454545454
short_k10,ddi_rate_visit,0,2,10,0.7575757575757575
short_k10,ddi_rate_visit,0,3,10,0.8060606060606059
short_k10,ddi_rate_visit,1,2,10,0.5757575757575757
short_k10,ddi_rate_visit,1,3,10,0.7939393939393938
short_k10,ddi_rate_visit,2,3,10,0.8666666666666665
short_k10,f1,0,1,10,0.7333333333333332
short_k10,f1,0,2,10,0.7333333333333332
short_k10,f1,0,3,10,0.9272727272727272
short_k10,f1,1,2,10,0.7818181818181817
short_k10,f1,1,3,10,0.8787878787878788
short_k10,f1,2,3,10,0.7333333333333332
short_k10,jaccard,0,1,10,0.6969696969696969
short_k10,jaccard,0,2,10,0.6121212121212121
short_k10,jaccard,0,3,10,0.9515151515151514
short_k10,jaccard,1,2,10,0.8424242424242423
short_k10,jaccard,1,3,10,0.8181818181818182
short_k10,jaccard,2,3,10,0.6848484848484848
