partition,scope,group,n_visits,n_patients,small,mean_jaccard,ci_low_jaccard,ci_high_jaccard,mean_f1,ci_low_f1,ci_high_f1,mean_prauc,ci_low_prauc,ci_high_prauc,mean_ddi_rate_visit,ci_low_ddi_rate_visit,ci_high_ddi_rate_visit,mean_n_med_pred,ci_low_n_med_pred,ci_high_n_med_pred,mean_n_med_gt,ci_low_n_med_gt,ci_high_n_med_gt,mean_n_dx,ci_low_n_dx,ci_high_n_dx
long_k10,test,0.0,171,136,False,0.5524458291929852,0.5320667350001946,0.5717342679905707,0.7026498684486883,0.6856357507709535,0.7187475125875349,0.8016084608796549,0.7830020219384166,0.8202690195905437,0.09239349589888271,0.0881146755780805,0.09651280583173213,20.450292397660817,19.72554017857143,21.126528086869772,19.228070175438596,18.277352002835872,20.184015220012054,11.789473684210526,11.120802476278639,12.44079914860681
long_k10,test,1.0,132,112,False,0.48022952069324304,0.4590367928366305,0.5022070850713298,0.6394086156175527,0.6196314640896833,0.6598773783515371,0.7275373592666201,0.7048176870614195,0.7495044069832797,0.06956189474984936,0.06470878811472117,0.07466742345552889,20.03030303030303,18.992353999875878,21.03774665130347,18.166666666666668,17.06765811587793,19.239292524790237,11.386363636363637,10.738248242836178,12.032520325203253
long_k10,test,2.0,240,171,False,0.508361859753843,0.49276271100485936,0.5237828434225841,0.6660077515458159,0.6519284552446121,0.6794934444223332,0.7595897853395496,0.7425584131953289,0.7753106428277158,0.08346443569293323,0.08025556673131716,0.08640449372300876,22.358333333333334,21.715826324266285,22.995766185051405,20.325,19.35744638126976,21.203030303030303,15.808333333333334,15.23074712643678,16.401844381239844
long_k10,test,3.0,239,196,False,0.5095414857080766,0.4956470204540067,0.5240799453923589,0.6676539454007951,0.6552305956272796,0.6804597610207705,0.7641527921680421,0.750330727650082,0.7774597608499006,0.0810403290626849,0.07642938449811279,0.0855780658174003,20.167364016736403,19.54376700896259,20.80373822975518,18.535564853556487,17.753593288307304,19.314980460269215,11.510460251046025,10.933530579108787,12.094635587470316
long_k10,test,4.0,345,227,False,0.5377666056647872,0.5259816616014809,0.5503843611315041,0.6928212329441342,0.6827330251601603,0.7034811882653094,0.7942200106528652,0.7824740822897067,0.8056657885879586,0.07714855483433782,0.07435929394786166,0.07994634853914347,24.4,23.82335494634012,24.93710380392592,24.933333333333334,24.096208199016637,25.753683280311066,24.608695652173914,23.84837099316868,25.35627514701331
long_k10,test,5.0,499,368,False,0.527246706956495,0.5168816142480799,0.5376049885349702,0.6831987012229119,0.6736985412250582,0.6925466768618846,0.7776645981420304,0.7677090872393487,0.7875377613351671,0.06915131270636155,0.06663659621059842,0.07160871322646999,23.448897795591183,22.90205733205577,23.99811776061776,22.507014028056112,21.82127236031703,23.183861607712664,20.100200400801604,19.595420118116273,20.60344910958447
long_k10,test,6.0,99,72,False,0.46191641315655163,0.4344622690615785,0.4884262161909425,0.6211740511588661,0.5938721449595479,0.6469688096604265,0.7102953099404992,0.6767530854056162,0.739680801939831,0.056430667255400475,0.04948941039575421,0.0634291844640204,19.282828282828284,18.388864942528738,20.247586633663364,16.01010101010101,14.493418418418418,17.318418003565057,10.93939393939394,10.161491420226358,11.686052211582307
long_k10,test,7.0,89,72,False,0.5167588344740377,0.4852213017347689,0.5465418408571364,0.6699243030281217,0.6399695996530506,0.6976795896732851,0.7686378994878414,0.734391393445484,0.8014002434517222,0.059913789525443156,0.05359928254618859,0.06672748333967514,16.820224719101123,15.964614209320091,17.680921623968736,15.112359550561798,13.922125850340136,16.345302795031056,5.887640449438202,5.162400914634146,6.650602409638554
long_k10,test,8.0,137,97,False,0.5095134922355057,0.4841378198197382,0.5353868325764759,0.6642056717938287,0.6411854686698704,0.6862495795710098,0.7479009574837547,0.7195507696343971,0.7734874969823065,0.0622580940987657,0.05765668737789902,0.06697751446423389,18.59124087591241,17.86043786337209,19.304163975155276,16.255474452554743,15.272563767168084,17.24576998050682,10.437956204379562,9.5,11.333464566929134
long_k10,test,9.0,239,205,False,0.5453252272298194,0.5309284340650193,0.5598564180069064,0.6982188695382424,0.6857819858409185,0.7107045890148141,0.7954257334733283,0.7818037277237394,0.809520163440732,0.06805965349672391,0.06452407029104316,0.07181750289781233,21.535564853556487,20.79410597572362,22.222742003778254,21.313807531380753,20.413729661143456,22.191312146892656,14.154811715481172,13.49994769874477,14.78037668110326
long_k10,test+eval,0.0,340,276,False,0.5551338967041879,0.5408613147743856,0.5692125745760149,0.7045374886579233,0.6928129129198864,0.7158124721762988,0.804142295472868,0.7912239657691529,0.816632876907762,0.09377990612235865,0.09050181004047232,0.09696906166783144,20.241176470588236,19.746421552571242,20.73675881410256,19.16176470588235,18.424569831048334,19.871531100478467,11.726470588235294,11.278246978403011,12.173101032448377
long_k10,test+eval,1.0,299,254,False,0.49266926472700295,0.47812985610828707,0.5072363148284978,0.651769179862875,0.6383820708496973,0.6648028087320883,0.7506113982873945,0.7362480975427454,0.765118624137354,0.06979274220228357,0.06606658564907285,0.07371142260632942,20.94314381270903,20.280902451502435,21.60005190311419,19.217391304347824,18.40065933502087,20.003752900979887,11.364548494983278,10.910784597568037,11.8114903358848
long_k10,test+eval,2.0,478,352,False,0.5129609006761375,0.5023152467786519,0.5237698962945841,0.6702063904427954,0.6606805565426767,0.6799194222891132,0.7621110408433327,0.7502160490165771,0.7737738858201298,0.08461077368485843,0.08232396804361827,0.08703557322962527,22.535564853556487,22.102445311684242,22.946457813474737,20.418410041841003,19.792826344195866,21.018122343994634,15.625523012552302,15.198712894248608,16.02012605696274
long_k10,test+eval,3.0,500,406,False,0.5033823321780735,0.49287969860504754,0.5137090200599652,0.6617803778173226,0.6521120145249056,0.6709977793199575,0.7563528371261584,0.746499701751542,0.7663078437571859,0.08249043092219102,0.07947340898788091,0.08551339050921145,20.22,19.7844424915374,20.67078162319112,18.49,17.921195384073293,19.041012129946555,11.674,11.2959347107438,12.059214901012544
long_k10,test+eval,4.0,659,442,False,0.5365206999393429,0.5273966123436299,0.5452825849404592,0.6916933895562589,0.683906380068872,0.699133986705471,0.790969975670483,0.7827525663365964,0.7993749212071145,0.07798985708151839,0.0761111353221297,0.0799530964819576,24.163884673748104,23.75263834422658,24.57125836434232,24.235204855842184,23.635203648475084,24.821520501712676,24.438543247344462,23.894741241599647,24.968714293326414
long_k10,test+eval,5.0,986,734,False,0.5317841447675222,0.524529840614259,0.5388539827646399,0.6874645203318843,0.6809021928965562,0.693774670249043,0.7836976550211917,0.7768262208861091,0.7904630971766927,0.06889133930357155,0.0671711827477241,0.07069620324750475,23.61156186612576,23.21563665343438,23.988653822211155,22.939148073022313,22.434317741314135,23.41244768029251,20.20689655172414,19.81498506864325,20.575951990745203
long_k10,test+eval,6.0,224,150,False,0.46321487471093176,0.44249647348116683,0.48153698465704015,0.6217352594102866,0.6007083794194251,0.6398947656379937,0.7127616097769097,0.6911962946460457,0.7324984342703024,0.05933427979940483,0.054814288307627156,0.06409352273597343,18.933035714285715,18.199864253393663,19.710551619433197,15.321428571428571,14.428553019145802,16.238317757009344,11.232142857142858,10.57269702356534,11.854462995935094
long_k10,test+eval,7.0,177,141,False,0.5287575059310763,0.510809204511098,0.5472726585297334,0.682185054377821,0.6656502599030968,0.6991295807548648,0.780211384091741,0.7597742033322983,0.8007300349528339,0.05913778038678148,0.05460352160256511,0.06386817237492648,16.966101694915253,16.36677431610942,17.568317110655737,15.576271186440678,14.685871212121212,16.49470108695652,5.903954802259887,5.380083732057416,6.468565169769989
long_k10,test+eval,8.0,264,189,False,0.5117546482958146,0.494138673362189,0.5298329443490437,0.6665155304871144,0.6503584710955955,0.6825500085965017,0.753735871342397,0.7341961645315268,0.7724016550798132,0.06039939256078328,0.05696605443856397,0.06390247194529329,18.299242424242426,17.79702346936125,18.809356800274067,16.310606060606062,15.641499572677668,16.995629344587886,10.428030303030303,9.799961977186312,11.040493976846058
long_k10,test+eval,9.0,473,408,False,0.5431985558405297,0.5328252129842649,0.5537116110033181,0.6961841478431051,0.6874921749861219,0.7050393227960959,0.791456621069693,0.7816592316574529,0.8012628777067442,0.07156259215603111,0.06877052995454162,0.0742452006524395,21.32135306553911,20.86251903644247,21.816020923520924,20.97463002114165,20.415367549916496,21.584562940558914,14.046511627906977,13.587973913043477,14.51001493256262
short_k10,test,0.0,109,98,False,0.5639819885505675,0.5362444288826833,0.5906159085913727,0.7113885495859619,0.6887343521047331,0.7332248369912562,0.8097791403306027,0.7847126528488597,0.8336149195135427,0.08238802238155984,0.0756128039614262,0.08903785020741808,19.94495412844037,18.990190217391305,20.957440476190474,19.513761467889907,18.21996218487395,20.81913358114521,9.779816513761467,9.163392857142856,10.422633264789622
short_k10,test,1.0,378,259,False,0.5323359344522106,0.5204599603130631,0.544683007785047,0.688365915464153,0.6779284075063893,0.698936604958402,0.7920362746413562,0.7808842576236574,0.8034007628638955,0.0788978219539086,0.07635244579679183,0.08159858503359921,24.0,23.431308072009294,24.572264492753625,24.267195767195766,23.463665803108807,25.0733647027636,23.246031746031747,22.50463541991396,23.985954233103282
short_k10,test,2.0,350,279,False,0.525193980989841,0.5113094728191958,0.5391382800170085,0.6794959984075618,0.6676071170353504,0.6918335437710518,0.7685813052611838,0.7552672666398818,0.7827609946957764,0.08588413787403348,0.08295114400938841,0.08870276399377064,21.748571428571427,21.169356007596964,22.33662358010184,20.605714285714285,19.846586261980832,21.378712616235234,15.037142857142857,14.634137753349364,15.447224844720497
short_k10,test,3.0,95,69,False,0.49776966595917793,0.4650818448312109,0.5294476708593652,0.653190087931436,0.6242266300278493,0.6814446807992259,0.7393565716116532,0.702707563567278,0.7718430556618706,0.05738078499386602,0.05253770258088281,0.062097603108067105,18.189473684210526,17.36659090909091,19.0,15.48421052631579,14.28993085106383,16.622262654078153,10.31578947368421,9.180669104991395,11.408331524099
short_k10,test,4.0,161,131,False,0.5058115738401898,0.48877418318599963,0.5231191812402357,0.6639815587575276,0.6478356072347033,0.6801450669911729,0.7567929278675634,0.7369853415731501,0.7752154575246689,0.0620675070665316,0.057776550335506986,0.0664957476136325,21.5527950310559,20.694764610389612,22.40855044345898,19.633540372670808,18.396378887070377,20.87683007985803,13.329192546583851,12.556137479541736,14.074657562420304
short_k10,test,5.0,89,81,False,0.5103810761860766,0.4837065158777446,0.5373093633031987,0.6662317969237914,0.6418833254925553,0.6901451987105452,0.7679379624552201,0.7396921858185137,0.7934318003362126,0.09004187923738412,0.0838039005058506,0.09611511471210996,19.9438202247191,18.97447375906699,20.91577108433735,18.8876404494382,17.495090933953232,20.244937106918236,9.50561797752809,8.842668817443542,10.212868495257625
short_k10,test,6.0,170,143,False,0.4814475535079076,0.46210845214689306,0.5004952124500324,0.6402918200312522,0.6216752118190924,0.6581431175681637,0.7288764824076812,0.7061027648644971,0.7491865927570298,0.06683416379542717,0.06170438690978988,0.07153446518761293,18.870588235294118,18.254398762157383,19.508811416702475,16.858823529411765,15.933708112874779,17.783255303823992,10.229411764705882,9.734413580246914,10.767223190089044
short_k10,test,7.0,535,383,False,0.5370755952408844,0.5269037813718209,0.5468360106352245,0.6923072986252837,0.6833633313488744,0.7006740039845775,0.7886219443023051,0.7790471030545796,0.7973576983422057,0.06793386039583256,0.06546468582544711,0.07038193040268091,24.042990654205607,23.539586467512,24.551651458199125,23.020560747663552,22.342145106300208,23.702661806659762,20.930841121495327,20.455619124195945,21.422710830814136
short_k10,test,8.0,235,187,False,0.49847359535438535,0.4816047167394175,0.5147001423973113,0.6558752297484738,0.6405929491229461,0.6706835094631317,0.750066660513035,0.733583841457817,0.7662258335508763,0.07414821523870477,0.06988696408505035,0.07854577654108713,19.42127659574468,18.7621042272003,20.06124149659864,17.617021276595743,16.840901826279026,18.384026179516685,11.38723404255319,10.799106760452014,12.0351782446509
short_k10,test,9.0,68,55,False,0.51681303491676,0.48580588145533676,0.5485611172696183,0.6722793597095568,0.6433021582719334,0.700548129022756,0.7680331716694606,0.7290284015618185,0.8025604411542832,0.055393432105423274,0.04834096459908892,0.06284673184918407,15.882352941176471,15.203377548513878,16.60655737704918,13.691176470588236,12.705508021390374,14.737843376163047,4.455882352941177,3.7631467439785906,5.250088028169014
short_k10,test+eval,0.0,224,196,False,0.5645518856612142,0.5459216002608905,0.5827472841493725,0.7118413587067753,0.6961749192828489,0.7265771869510171,0.8063739706732503,0.7894293657911706,0.8235110203856654,0.08623649555240978,0.08213160805103997,0.09062122847002307,19.758928571428573,19.090438861985472,20.449366988133505,19.098214285714285,18.197807538611084,20.019141056312108,9.8125,9.380679500543874,10.250059523809524
short_k10,test+eval,1.0,712,497,False,0.5383557145442601,0.5301966960779517,0.5463117706004571,0.6936834732043508,0.6864645769095881,0.7006105159250943,0.7933600259537573,0.7855148992688337,0.8010653836469238,0.079106481180664,0.07731567818442565,0.08106338658050431,23.884831460674157,23.490154681925784,24.31520077103006,23.78370786516854,23.213688347342874,24.389008295625942,23.019662921348313,22.488412116510684,23.51883376315277
short_k10,test+eval,2.0,670,527,False,0.518595944041473,0.5085835810431306,0.5280672589705363,0.6742469118506508,0.665234610318717,0.6825745223757439,0.7651022573373817,0.7547096285209595,0.774753249329392,0.08840221252238896,0.08619420439822788,0.0907018387301516,21.707462686567165,21.307314260127015,22.09150733774287,20.414925373134327,19.88379825367647,20.92841412625259,15.008955223880598,14.728109588487348,15.28423750386828
short_k10,test+eval,3.0,187,135,False,0.5206010188209187,0.5002295473777797,0.5406024081396285,0.6747349992084122,0.6563407541580486,0.6923443317297177,0.7588077453502651,0.7358778754597596,0.7791101719336909,0.05647675678485322,0.052856489327180754,0.06013066177567093,18.358288770053477,17.80698099415205,18.955498799879987,16.43850267379679,15.624948770491804,17.21461306748906,10.39572192513369,9.67212789661319,11.102805073431242
short_k10,test+eval,4.0,335,272,False,0.5014606268109634,0.48877123571231607,0.5141482205903883,0.659803664645529,0.6477697004210068,0.6715953797027026,0.7543146377019018,0.7392748275900387,0.7681666551119639,0.06222874610905277,0.05936299851922833,0.06518439252444162,22.15223880597015,21.521154334966262,22.810440962099126,19.844776119402987,18.939702560240963,20.774308649104473,13.417910447761194,12.875901433876143,13.97306772086326
short_k10,test+eval,5.0,187,168,False,0.5186924483708965,0.49793285007165916,0.536816605889503,0.6727239024073612,0.6532427987352787,0.6894464330919836,0.7691846080613965,0.7477277749402711,0.7881851844441252,0.09140672973802137,0.08706764624654628,0.09600342387156167,19.780748663101605,19.094422514619882,20.436539747334344,18.684491978609625,17.742513611615244,19.59017667544381,9.641711229946525,9.18127051499717,10.108128177682634
short_k10,test+eval,6.0,357,297,False,0.48698875454897866,0.4735888348428397,0.49988382927992303,0.6456314861900639,0.6327594339958744,0.6577476059367862,0.737819147919748,0.723929648658898,0.7510955913804583,0.06721996600824881,0.06363946132137557,0.07069865689509422,18.77871148459384,18.33655349685932,19.239635416666665,16.829131652661065,16.202607887178733,17.47066563467492,9.994397759103641,9.640369085173502,10.35499838915904
short_k10,test+eval,7.0,1055,765,False,0.5388710151499743,0.5316565206680113,0.5457215632049889,0.6938422652655968,0.6874091989531469,0.6997402546342288,0.7909339418769106,0.7841480107202057,0.7974419660889367,0.06769146579645766,0.0660695909561631,0.06936722036134298,24.055924170616112,23.715999207373688,24.411166666666666,23.261611374407583,22.796529038476987,23.74135193661972,21.120379146919433,20.773453119656033,21.495394905590956
short_k10,test+eval,8.0,532,425,False,0.4967097650256294,0.48587790750050186,0.507323729172042,0.654616614487514,0.6448048705339505,0.6642324957699444,0.7542294257344194,0.7431996767140134,0.7653415506092994,0.07664793875039645,0.07388911254727508,0.07949015143126949,19.710526315789473,19.29397108637397,20.10976395902924,18.024436090225564,17.49997723132969,18.544055528375733,11.793233082706767,11.420472937583451,12.175131764853829
short_k10,test+eval,9.0,141,117,False,0.5252050414521248,0.5039417779734529,0.546181385379876,0.679060639265396,0.6595646286428828,0.6978401855102143,0.7783522042908965,0.7541527835997165,0.800701639737108,0.05501779833942749,0.05003040707111861,0.05992892178995484,16.26241134751773,15.689323270013569,16.857193158953724,14.375886524822695,13.5,15.265928819444444,4.73758865248227,4.202769289533995,5.272756224667052
concise_k10,test,0.0,134,75,False,0.5112644973537704,0.4919790760235184,0.5332865359653501,0.6700685271300759,0.6530734192188384,0.6893185571704503,0.7611028026844688,0.7389224551054462,0.7847697882858842,0.08365445909253147,0.08008288746154393,0.08745600683461736,22.604477611940297,21.749903846153845,23.425199113041902,21.76865671641791,20.33864193548387,23.130144431209054,18.895522388059703,17.09173961762028,20.744008264462806
concise_k10,test,1.0,229,184,False,0.5087386219920931,0.49246561498077307,0.5245650830379904,0.6646696575456462,0.6496298699405038,0.6790530098844044,0.753546300758787,0.737131166588243,0.7699488998128552,0.07897064336783259,0.07462767203063907,0.08340866683149603,18.895196506550217,18.366363346104727,19.43286203281115,17.48471615720524,16.724553969669937,18.274505525875778,9.716157205240174,9.161895604395603,10.271553054491273
concise_k10,test,2.0,522,369,False,0.5371188926507535,0.5286480193143513,0.5462598751177643,0.6928809336852895,0.6853796591858515,0.7009806669899517,0.7894798849842687,0.7815293408914964,0.7981024123728142,0.0670780105913882,0.06473255152423632,0.06928700076288213,24.630268199233715,24.125444668221327,25.15587449329994,23.940613026819925,23.24652445782085,24.66980800973132,22.8544061302682,22.326776154588657,23.426409421291282
concise_k10,test,3.0,223,172,False,0.4844189790410694,0.4670574129633238,0.5020599303401051,0.6426981028148924,0.6264620749800622,0.6587485660761907,0.7355772336690976,0.7170867667130334,0.754200304960467,0.0803393362288429,0.07610612836364132,0.08459674383431523,19.228699551569505,18.486597927588466,19.9542972715736,17.730941704035875,16.919016432483925,18.59232617436501,12.89237668161435,12.190040953090095,13.566670506912443
concise_k10,test,4.0,411,286,False,0.5324969539971979,0.5202782859550374,0.5446341601200733,0.6870816092057388,0.6761957836952778,0.6979568207791628,0.787798711817676,0.7757767037113684,0.7996249053499758,0.08629420706658356,0.08358164480061507,0.08901713941841446,22.880778588807786,22.387201907790143,23.405977264393105,22.35279805352798,21.635372510616843,23.060038857447505,18.21654501216545,17.629693753573473,18.85343465718731
concise_k10,test,5.0,115,75,False,0.49582377637462216,0.4688537798465291,0.5192009691934073,0.652897760921367,0.6273881479686798,0.6746701207405171,0.742473402759419,0.7174015692385383,0.7640242828907412,0.04890730979364595,0.043613917093310556,0.0546353427022452,20.904347826086955,19.929564978523622,21.93274456521739,18.62608695652174,17.225127381479844,20.009726436084144,13.495652173913044,12.614539199332777,14.415412097042205
concise_k10,test,6.0,85,65,False,0.5211565863077622,0.49738099377976436,0.5448026663666424,0.6779597024899815,0.6566316802497224,0.6990095888675886,0.7720431721659711,0.7471487710920981,0.7960522224025649,0.052283416269733804,0.046989486243103756,0.05907043335560866,16.129411764705882,15.542777777777777,16.701413292589763,14.117647058823529,13.253160744242793,15.012857142857143,5.1647058823529415,4.577313883299799,5.848110855389336
concise_k10,test,7.0,110,92,False,0.5225829951999921,0.5008225697768702,0.5455849510027713,0.678757455171617,0.6590333885418622,0.6989400672422843,0.7814416240171318,0.7625120506793208,0.8014331799921027,0.0639778770767426,0.05927625120213417,0.0690959329003014,23.354545454545455,22.224930555555556,24.517335554911618,21.318181818181817,19.82065251572327,22.854401461315184,13.954545454545455,13.098426573426572,14.816684782608695
concise_k10,test,8.0,127,103,False,0.5894881263292215,0.5664227627153573,0.6116977814763177,0.7329018923227233,0.7139622367451758,0.7507803032758829,0.8360816447155073,0.8143415869394584,0.8559468713153878,0.09342810101972103,0.08848414135609214,0.09802852089989963,20.95275590551181,20.072859612534987,21.88008333333333,20.362204724409448,19.068651399491092,21.70022388059701,11.251968503937007,10.55195,11.97778588807786
concise_k10,test,9.0,234,181,False,0.4965522414095579,0.4801955591251164,0.5122761737065269,0.6540572595459817,0.6390584469940562,0.6683917838036556,0.7426296661220944,0.7238899698033983,0.7595409097388973,0.06220616752442066,0.05893564855293395,0.06537511323980322,19.811965811965813,19.219203720508165,20.415620337109697,18.145299145299145,17.334657561649816,19.009683641975307,12.820512820512821,12.144112008763523,13.496361940298508
concise_k10,test+eval,0.0,268,157,False,0.515026930957264,0.5008411066059177,0.5289062458503088,0.6734458169499838,0.6610694436167078,0.6859449878062928,0.75881198904467,0.744316663643462,0.7737167338398775,0.08214931396107783,0.07913379424514266,0.08511209042990066,22.388059701492537,21.799249786871272,22.95924254317111,21.082089552238806,20.142818322981366,22.041071288295363,18.65671641791045,17.45507529903444,19.82773578026252
concise_k10,test+eval,1.0,456,372,False,0.4977983854504237,0.4865190335709834,0.5089141817518913,0.6557916554094886,0.6454222235364363,0.6657562485690883,0.7439938525779751,0.7318939851032152,0.7561754875780018,0.07982156087798735,0.07685125932402416,0.08290894602365619,19.208333333333332,18.772200365094037,19.623689516129033,17.50219298245614,16.92875190694127,18.071962074303404,10.05921052631579,9.682328588834736,10.432811242537104
concise_k10,test+eval,2.0,1022,729,False,0.5394158381565325,0.5328435310165632,0.5459244945058827,0.6950027126636116,0.6892544706177659,0.7006157780025858,0.7946323350755026,0.7887547720258882,0.8003169888540486,0.06748966886295407,0.06590140608010835,0.06907770877999139,24.541095890410958,24.17322462081372,24.911356729204556,24.09099804305284,23.61521570971738,24.5744337572957,22.786692759295498,22.353152288877432,23.185775566231985
concise_k10,test+eval,3.0,448,350,False,0.4900135355093783,0.4778290521484437,0.5023303161260031,0.6483720668503048,0.6369504074966997,0.6595960253572984,0.7397756885834227,0.7274906185003626,0.7531017643911445,0.08171697516072737,0.07870406972796108,0.08480545123672913,19.328125,18.83331589958159,19.844711830799735,17.897321428571427,17.30926652670112,18.53378961647552,12.654017857142858,12.187309527218433,13.09012987012987
concise_k10,test+eval,4.0,797,550,False,0.531873537735824,0.5233764508491958,0.5405574887945016,0.6864424926678825,0.6788600617772481,0.6940279705229024,0.7848428400538674,0.7766909504980768,0.7930618619331419,0.08787629512054504,0.0859646919538851,0.08986925227545463,22.88456712672522,22.525175359712232,23.23727364600699,22.10664993726474,21.62949391742887,22.58128684235733,18.170639899623588,17.740406403940888,18.590025561097256
concise_k10,test+eval,5.0,256,156,False,0.4897105249754537,0.4705121101059332,0.5069214756832015,0.646228323492857,0.6275677079770817,0.6626982775936687,0.7401431434221848,0.7224313819893883,0.7566642507462276,0.05240003462326855,0.04865311266302883,0.05613533521505618,20.58203125,19.80399675556614,21.356488895901542,17.67578125,16.716673588703237,18.64720697980685,13.6015625,12.854999154119438,14.30724551121729
concise_k10,test+eval,6.0,174,135,False,0.5342770038195228,0.5154119197836629,0.5532921684987036,0.687566482033154,0.6706896973683594,0.7045205874235742,0.7872016757368866,0.767520205634674,0.8068476866580225,0.05450494350092152,0.049887252172612334,0.059378303905124795,16.419540229885058,15.97884554350701,16.881783759704717,14.626436781609195,13.867945984363896,15.358804693990583,5.172413793103448,4.701546383672445,5.651059157338309
concise_k10,test+eval,7.0,255,214,False,0.5305304403145145,0.5164272102985223,0.5449679004501758,0.6862997168605011,0.6738324575266339,0.6989120759022774,0.7865933644663202,0.7725529373529196,0.8001755915334482,0.06335742438656276,0.060287438510465946,0.06668573818267795,23.75294117647059,22.9786739238001,24.558132744148864,22.235294117647058,21.113611610583096,23.348385367527232,13.913725490196079,13.317383658008659,14.505664782321414
concise_k10,test+eval,8.0,259,209,False,0.5875531015971879,0.5715853801502198,0.6027761936322537,0.7308132272070927,0.7181614148875262,0.7434724410446082,0.8356754373103173,0.8219488077096428,0.8487503650685174,0.09474686399063253,0.09156613561512641,0.09829693701913535,20.594594594594593,19.977303960925997,21.182557423798542,19.853281853281853,18.980149829947607,20.712668840061003,11.16988416988417,10.722194555112882,11.639231462700023
concise_k10,test+eval,9.0,465,366,False,0.5047432778490143,0.4940504357214246,0.5156544583728673,0.6620785351574445,0.6522437836627556,0.6720976308737255,0.7531951893240565,0.7419762175168686,0.7651732948428484,0.06384473030999226,0.06130222983034322,0.06654029764143655,19.64731182795699,19.242932073120066,20.06977676282798,18.27956989247312,17.706714682418973,18.852678878508197,12.535483870967742,12.127371839770529,12.952058164788923
long_k25,test,0.0,30,18,False,0.49744662253404653,0.4665329340258885,0.5378773290720512,0.6609291082394856,0.6340421193835245,0.6950913082334661,0.7482100474795015,0.714411581543033,0.7849592817361118,0.08617108208825354,0.07800661018774227,0.09525197600654714,20.833333333333332,19.94986111111111,21.882794117647055,19.866666666666667,17.77777777777778,22.122163308589606,14.5,12.653676470588234,16.14307359307359
long_k25,test,1.0,69,59,False,0.5263621707361957,0.49662573280964933,0.553911292789002,0.6804697339020894,0.6544768569497984,0.7047179134736644,0.7769292595319901,0.7490049819933817,0.8030328751267138,0.07217070628157418,0.06439667222454638,0.08041137917958706,17.91304347826087,16.887482311320753,19.00034722222222,15.666666666666666,14.48557142857143,16.88583170254403,6.7101449275362315,5.983783997469955,7.460007936507936
long_k25,test,2.0,177,151,False,0.5318761027485797,0.5158219631064102,0.5486208629621102,0.6877574275491531,0.673467076626025,0.7026002080183146,0.7831989542928314,0.7678219101109559,0.7981614812474144,0.06660084916725224,0.06274673409201804,0.07036273534417879,23.98870056497175,23.166613924050633,24.868893737469044,23.717514124293785,22.628127803604926,24.845519585324976,19.661016949152543,18.904457780047665,20.449528214041838
long_k25,test,3.0,56,40,False,0.4813224084058393,0.4406518506212827,0.5167314781337802,0.6388774933250858,0.5994464306090167,0.6720092568960512,0.7330671831400288,0.6891670554757022,0.7706204643902422,0.046062834798634565,0.03893766216560752,0.0533572475510887,20.053571428571427,18.745500997008975,21.65309833024119,16.375,14.445995440729485,18.266770833333332,11.053571428571429,9.883502906976744,12.226456471367097
long_k25,test,4.0,109,92,False,0.5259079018444542,0.5045576882306707,0.5469370735459518,0.6828307500095978,0.6633382736464104,0.7017188174665432,0.786267076759528,0.7643128388241983,0.805355044486972,0.08942945357930641,0.08408985233673291,0.09451575662305557,22.357798165137616,21.368340961098397,23.292992424242424,21.28440366972477,19.78925,22.649412593984962,16.38532110091743,15.655869512490906,17.126205731593664
long_k25,test,5.0,195,163,False,0.544845785237931,0.5303088529052,0.5598309215228029,0.6993174940872776,0.6868627019811011,0.7121232148694895,0.7951437374721686,0.781057715692081,0.8097320405062292,0.06503296630178808,0.06221737173927443,0.0677497560748336,25.805128205128206,24.97744221924667,26.64403083958724,25.825641025641026,24.680935497353023,26.984318216815524,25.94871794871795,25.0726526041946,26.759263626834382
long_k25,test,6.0,63,56,False,0.4764236983132486,0.4471321373597479,0.5059471511520919,0.6378723853972805,0.6103008364471387,0.6651717779361241,0.7134043723919394,0.678374084074158,0.744660807459887,0.07654212876530456,0.06819615733231545,0.08438441027005074,19.07936507936508,17.978119416319238,20.334016393442617,18.095238095238095,16.571287593984962,19.649323308270677,10.047619047619047,9.187357954545455,10.907727272727273
long_k25,test,7.0,47,40,False,0.5061366514836199,0.45839361636155124,0.5554554455394711,0.6584109950685383,0.6149509460403837,0.7016155821206318,0.7429154583856911,0.6904680596973719,0.7908778555270051,0.05620073602417092,0.049547131872389925,0.06293062217977337,17.148936170212767,16.0,18.188075657894732,14.74468085106383,13.367254174397031,16.108183183183183,7.0638297872340425,6.203611111111111,7.928690476190476
long_k25,test,8.0,68,61,False,0.4724506045746767,0.4333498829793001,0.5146218192837955,0.624994221203772,0.5869966216814531,0.664801438896033,0.7043529965383987,0.6625071278568075,0.7481857408497402,0.06858583573604397,0.06072553986043405,0.07687456379705501,18.147058823529413,16.830227690422706,19.5,16.11764705882353,14.720376559714795,17.742613636363636,8.647058823529411,7.656677817807514,9.625208333333331
long_k25,test,9.0,37,32,False,0.5238320667466305,0.48599875153713873,0.5655254985249739,0.6792082499319619,0.645916724155968,0.7140889988471942,0.7837613439716865,0.7489056354126327,0.8190788908226276,0.09643110344752558,0.08723947827499702,0.10503030460811087,19.54054054054054,18.258008252063014,21.08577731092437,18.756756756756758,16.31655374887082,21.51447204968944,9.783783783783784,8.8203125,10.828588850174217
long_k25,test,10.0,41,35,False,0.5112285540154268,0.48039640943811657,0.5408968826581266,0.6691695449137129,0.6394473413410947,0.6969143223138763,0.7661767515339662,0.7371218604173605,0.7956041217838246,0.059061424118493674,0.049870026824576565,0.06903489351398218,17.829268292682926,16.724930555555556,19.08347222222222,17.51219512195122,15.60590909090909,19.584290540540533,9.975609756097562,8.34607142857143,11.7354302832244
long_k25,test,11.0,81,70,False,0.518911399285417,0.4914726533760043,0.5465449353133148,0.6742558149937178,0.6498533611712489,0.6985781926404968,0.7781070803228285,0.7509765469188867,0.803384491973864,0.09474917174606151,0.08850920643864076,0.10098090904368918,22.40740740740741,21.469592476489026,23.39135319980459,20.506172839506174,19.26422920892495,21.915744057310324,13.444444444444445,12.822784810126583,14.07232016300496
long_k25,test,12.0,56,40,False,0.47944491526694094,0.446041608234986,0.5135033237178973,0.6369129324003912,0.6051265849514081,0.6687069775503415,0.7085265111812291,0.6696757166487612,0.7456050680934213,0.07779620215133651,0.07138223697130289,0.08436009261596274,22.589285714285715,21.318796394485684,23.933828124999998,18.517857142857142,16.866610169491526,20.04350241545894,13.571428571428571,12.703654970760235,14.566075981642019
long_k25,test,13.0,108,95,False,0.478101440734583,0.45601590511301454,0.49936963308861143,0.6386052765756877,0.6170435735003307,0.6586093302475302,0.7328109409404046,0.7077461163447835,0.7588588555716409,0.07309589557835146,0.0672564141021243,0.07853288042960545,18.48148148148148,17.77173913043478,19.187067552057712,17.055555555555557,15.934958136634899,18.24354209799862,10.833333333333334,10.010144292091836,11.729266182069919
long_k25,test,14.0,119,92,False,0.509299355191742,0.4860482582931002,0.5319754000399955,0.6661247787739357,0.6446126773958468,0.6857667408007942,0.7519850588267705,0.7270257310408575,0.7741810888509004,0.06603520002301957,0.06076789244241747,0.07122963985350957,19.840336134453782,19.102937740516765,20.58840010141988,17.647058823529413,16.603362068965517,18.70834153543307,14.529411764705882,13.59991935483871,15.457110683677444
long_k25,test,15.0,153,127,False,0.530702110982129,0.511810093003814,0.5498805776982395,0.6856417081039605,0.6690784227480148,0.7015962758901336,0.7849457690416886,0.7657803579367887,0.8039450126642974,0.0863382768710149,0.08266031878034966,0.09027566104227193,21.705882352941178,20.860810223509933,22.552384654172617,20.99346405228758,19.885053336641032,22.058183052499654,18.215686274509803,17.49672869147659,18.889671857619575
long_k25,test,16.0,96,87,False,0.5293563604560193,0.5076320967677137,0.5504997590662388,0.6852582563468103,0.6668431258246141,0.7030865142052152,0.7851749997518113,0.7626727983458182,0.8060688835701362,0.062407733466755884,0.05683184226375604,0.06831104959669074,19.572916666666668,18.656530825496343,20.486917072685692,19.260416666666668,17.940248599439776,20.60009009009009,10.916666666666666,10.178157980633229,11.612244897959183
long_k25,test,17.0,46,44,False,0.5891375251855812,0.5571473693831549,0.6210452460600048,0.7355475931721103,0.7098423316003585,0.7602692164230095,0.8487851146277794,0.8157351703375784,0.8767191021845646,0.09790239678988903,0.08963625247890043,0.10650779743926532,20.565217391304348,19.118978405315616,22.0,20.282608695652176,18.384574468085106,22.33351063829787,10.108695652173912,9.08506205673759,11.106382978723405
long_k25,test,18.0,108,95,False,0.5900255695724889,0.5683158440122946,0.6110644172020666,0.7352557396161081,0.7175973951122065,0.7521411534205806,0.8328549799864929,0.8102970754342915,0.8538090045008309,0.0808284670589152,0.0755519222891144,0.08636735673439686,23.787037037037038,22.6946951537259,24.787206471935853,24.296296296296298,22.88072414333882,25.697732558139535,17.27777777777778,16.44162476429918,18.173963365539453
long_k25,test,19.0,48,42,False,0.5040554925077889,0.47574824439504165,0.5319570468385819,0.6645786113664914,0.6382823692404412,0.6892916056132028,0.7710590132358651,0.7412662948730869,0.8010676264281552,0.06540204325645028,0.05945360068052828,0.07103256752955031,21.083333333333332,19.641380789022296,22.64011111111111,19.8125,17.82920966228893,21.849330188679243,14.979166666666666,13.949886363636363,16.052846401718583
long_k25,test,20.0,209,162,False,0.5232157174638044,0.5064373052255652,0.5392507522204364,0.6786382576340317,0.663408556165031,0.6928888505737689,0.7714288192689988,0.756685415340412,0.7855377661037641,0.07186878493346978,0.0673173698627125,0.07663454153163249,23.14354066985646,22.39592156151801,23.942103260869565,21.473684210526315,20.540874735729385,22.43531862745098,19.717703349282296,19.040721844293273,20.432126752966557
long_k25,test,21.0,160,109,False,0.5261580977416201,0.5075880503316447,0.5449141543000924,0.6828980887423401,0.6666030189497364,0.6991260918427954,0.7857483838438036,0.7683081208672266,0.8032197829616863,0.07934396920953019,0.07588958822208018,0.08286717670097307,24.0375,23.240835609690564,24.76974629461585,24.08125,22.93123747076512,25.19632433774247,24.525,23.471309107014807,25.528671666324225
long_k25,test,22.0,25,25,True,0.4921187012357897,0.440543191828401,0.5428177514631519,0.650201347423954,0.6021356215405791,0.6960689324032285,0.7460493804495556,0.7020163873740927,0.7908005032014991,0.06539913049148305,0.053356168218112426,0.07862783629574947,21.8,19.5,24.166847826086958,19.36,16.81772727272727,22.0008064516129,11.24,9.772727272727273,12.807692307692308
long_k25,test,23.0,68,63,False,0.517015554930222,0.4880547338712637,0.5449301146274841,0.6740710275166112,0.6474221544205017,0.6987304578323158,0.7651455182987844,0.7392610257714783,0.7905588416321477,0.07098134856139383,0.06392785643480667,0.07848731363550045,21.029411764705884,19.79310776942356,22.212572115384614,19.220588235294116,17.522962962962964,20.953160511363635,12.058823529411764,11.161706095481671,12.896564401622717
long_k25,test,24.0,21,19,True,0.5141092632451785,0.46678874049159047,0.5697759140648625,0.6700290216292125,0.6303989657888076,0.7153633886777554,0.7763365660037901,0.7192684150360429,0.8318153968333288,0.05741260571943417,0.046772098263382425,0.07105083998136266,15.666666666666666,14.388541666666667,16.928571428571427,11.80952380952381,10.04431818181818,13.523872180451127,2.761904761904762,2.291517857142857,3.230882352941176
long_k25,test+eval,0.0,51,37,False,0.5130378805649114,0.485422010412259,0.5459101787944632,0.6724806312682665,0.6477918340595314,0.7009823941570982,0.749109139279649,0.7177327954249983,0.7794584054898768,0.08830416916998149,0.08256924613603793,0.09434481112912622,21.470588235294116,20.560840108401084,22.469417767106844,19.41176470588235,17.920942982456143,20.938835534213684,14.470588235294118,13.318039772727273,15.595776436964115
long_k25,test+eval,1.0,133,112,False,0.5205647252394308,0.4995681074481236,0.5416001075263001,0.6753710642936855,0.6569907420822511,0.6937971739583995,0.7698647255573821,0.7502271875312612,0.7891662722995817,0.07023399008579834,0.06468746080822506,0.07563542572336647,17.526315789473685,16.781124344405594,18.29455159112825,15.578947368421053,14.728613264427217,16.483027742346938,6.992481203007519,6.48272669220945,7.537990823136818
long_k25,test+eval,2.0,352,300,False,0.5310987122777182,0.5188412800907369,0.5431737877923597,0.6866797862533053,0.6757374708521291,0.6975504134075832,0.7860300392318298,0.7743351632063753,0.7970835959884495,0.06603534579753267,0.06326757705189624,0.0686307221972654,24.053977272727273,23.407173949606754,24.699713429089385,23.545454545454547,22.74923707732524,24.3818759018759,19.673295454545453,19.141562434980234,20.20956094364351
long_k25,test+eval,3.0,122,80,False,0.48278840181072474,0.4554182321363884,0.506949786989743,0.6405168389316597,0.6131359542594268,0.6639488661071423,0.7319018864992693,0.7033839086468178,0.7571084994854417,0.05066766204066236,0.04481505977135118,0.056810615980247135,19.68032786885246,18.691784939054934,20.704972693775495,15.959016393442623,14.789310485516115,17.237545405982907,11.663934426229508,10.90904882154882,12.453665100060643
long_k25,test+eval,4.0,227,186,False,0.5214282986001071,0.5069020220894183,0.5357000970223916,0.6788594933872225,0.6655009633834351,0.6917011215855896,0.7776336743273057,0.7630822434149515,0.7915592040214158,0.08889984202619054,0.0853410789590246,0.09268276935409288,22.145374449339208,21.508367695915574,22.765232020891922,20.90748898678414,20.066310562896515,21.737090228298424,16.01762114537445,15.49307191780822,16.525321212121213
long_k25,test+eval,5.0,355,298,False,0.5467032341162847,0.5357472453612686,0.557885698191244,0.700692791299893,0.6913572525676797,0.7102742731901671,0.803536628933338,0.7937012308544732,0.8134524870023642,0.0662273760118501,0.06399610111945052,0.06844633866473634,25.571830985915494,24.953421458678307,26.178679037510836,26.104225352112675,25.27741361788618,26.93545013477089,25.72676056338028,25.047883872144908,26.37788830715532
long_k25,test+eval,6.0,142,121,False,0.4818615490993176,0.4598732247394924,0.5031337813374317,0.6408200344041509,0.619351224675869,0.6604986794066968,0.7237358223363282,0.7001984896488711,0.7450662090947442,0.08302431630200847,0.07730917402242156,0.08912265525625261,19.556338028169016,18.777651515151515,20.348213101160862,18.443661971830984,17.352608082706766,19.531122448979588,10.535211267605634,9.993035368217054,11.094993846694795
long_k25,test+eval,7.0,89,79,False,0.518115874674649,0.4864027785033978,0.5511920869302859,0.6709018836987117,0.6419618887953715,0.7003660892675133,0.7637849233196068,0.7298626637578386,0.7957270145952579,0.05365021559254304,0.04886795510699592,0.05883585939382626,17.168539325842698,16.482689655172415,17.8,14.955056179775282,14.018380230880231,15.877556689342404,7.303370786516854,6.576785714285714,8.024405487804877
long_k25,test+eval,8.0,144,129,False,0.47496987147354935,0.45077750400325856,0.4989878466758433,0.6309658908447235,0.6073778700247009,0.6540516026531975,0.7174957683986857,0.6933762803677715,0.7416954557462733,0.07117998388212901,0.06538861740152178,0.0769959968949992,17.48611111111111,16.678270111183778,18.306013203214697,15.743055555555555,14.752822683030047,16.76929133858268,8.1875,7.616371721987896,8.786841965046888
long_k25,test+eval,9.0,74,67,False,0.5497126200322942,0.5195846645934558,0.5800614432758444,0.7000088734707164,0.6746988112857158,0.7247986339636383,0.8057944296493129,0.7779080626982161,0.831920448550093,0.09729305259087195,0.09107189851813595,0.10339220570222922,19.91891891891892,18.891499330655957,20.973615384615382,19.22972972972973,17.462265624999997,21.126838302542527,9.554054054054054,8.92767983699504,10.22395024875622
long_k25,test+eval,10.0,94,79,False,0.5306578746125791,0.5115355332344735,0.5489943114087714,0.6875509902552621,0.6700103011522477,0.7037987550020149,0.7850035697476475,0.7660524035138532,0.8032501187560577,0.06081228175831334,0.05427277380871198,0.06750006665544821,18.28723404255319,17.535331765935215,19.081137387387386,18.30851063829787,17.128,19.440721434528772,9.957446808510639,9.007558139534884,10.915935859685058
long_k25,test+eval,11.0,164,135,False,0.5090142352419551,0.4907567525466315,0.5289076512139405,0.6662433182022602,0.6494466107078524,0.6835929656613736,0.7671266027527549,0.7492064734071483,0.7850104518708757,0.0964000512517178,0.09139576589396166,0.10115504399576064,22.402439024390244,21.759476917349218,23.083439781021895,19.878048780487806,18.95874534623976,20.820605016382327,13.396341463414634,12.862008469449487,13.938335524873986
long_k25,test+eval,12.0,103,77,False,0.4885103350875423,0.4649946408884995,0.512205619549397,0.6464239791982906,0.6238474021083612,0.6683447161862658,0.7229360947829601,0.6927686337591032,0.7497583125563245,0.07812639106430112,0.07220507439824922,0.084298826454097,22.57281553398058,21.694425675675674,23.419728708791208,18.932038834951456,17.666463414634148,20.10283781152648,13.155339805825243,12.446378968253969,13.892904135338345
long_k25,test+eval,13.0,197,175,False,0.4721877675580139,0.4556513192871078,0.4900094459567769,0.632229294098051,0.615592429122877,0.6496415625587686,0.7274541459401402,0.7072026008867922,0.7473601718646344,0.07650176580327842,0.07227012245787828,0.08088779124250908,19.101522842639593,18.447488757548502,19.79631813417191,16.888324873096447,15.936249023590063,17.878616965912048,11.065989847715736,10.47894176931691,11.677518184693232
long_k25,test+eval,14.0,238,187,False,0.5019771305695564,0.4853082094631466,0.5181851862878744,0.6593624046785296,0.6437531235793081,0.674152747702349,0.7433867790710292,0.7248854687319457,0.7606127246627176,0.06655199371457286,0.06281382044323418,0.07036368156863847,19.38235294117647,18.807673745173744,19.96384601037374,17.537815126050422,16.783656100738167,18.279534537514888,13.873949579831933,13.284922360248448,14.49160180465629
long_k25,test+eval,15.0,328,262,False,0.5349554906000551,0.5218059047199658,0.5479313460966263,0.6889397079034812,0.6776967106137212,0.6999808057154069,0.7848053877170305,0.7708428621197169,0.7975331363947171,0.08731626398032952,0.0845690503941672,0.09022083698744228,21.9390243902439,21.345691852459495,22.54485875395269,21.054878048780488,20.296435801738028,21.81057062160708,17.990853658536587,17.503183622828786,18.49049474377093
long_k25,test+eval,16.0,198,175,False,0.5362544261186326,0.5209639443130448,0.5513964095876845,0.6913248822469684,0.6778574409463827,0.7039678770530042,0.7896178614574022,0.7748324525571695,0.8037974802828342,0.06540704691358866,0.060952699823729264,0.06977797280240794,19.91919191919192,19.2615903847353,20.60005376344086,19.136363636363637,18.287774390243904,19.9945530726257,10.83838383838384,10.331449100740567,11.356323367571534
long_k25,test+eval,17.0,84,80,False,0.5839530417583436,0.5595082783723226,0.6094684793836467,0.729621838567516,0.7096982573480031,0.7501688821998203,0.8392600985015612,0.8173563617403546,0.861237514223606,0.09726170941714016,0.09189679011767575,0.10285210485873562,20.273809523809526,19.264240102171136,21.240604781997185,19.845238095238095,18.37643382352941,21.247586633663364,10.154761904761905,9.518023707734162,10.822236286919832
long_k25,test+eval,18.0,219,198,False,0.5760497349280332,0.5603051915496061,0.5920578513978975,0.7229388193756192,0.7096071044610729,0.7360725389626921,0.8196528101758319,0.803896894424401,0.8335616183065075,0.0826260351039699,0.07869624305854671,0.08667686568457977,23.28310502283105,22.571428571428573,23.97965463814474,23.488584474885844,22.59748087098862,24.371052455730034,17.01826484018265,16.445922951747562,17.606884057971016
long_k25,test+eval,19.0,99,89,False,0.5150645729488562,0.49206584483582516,0.5372808270341056,0.6736188045487993,0.652815068894186,0.6929505434799131,0.777158407290369,0.7548232562694067,0.7991417014118591,0.06354553089115636,0.059139767757737896,0.06798821071965855,21.07070707070707,19.923791208791208,22.257195767195768,20.555555555555557,19.351287375415282,21.915811403508773,14.16161616161616,13.30379775621589,15.05286218122626
long_k25,test+eval,20.0,427,339,False,0.5297999257820606,0.5186713578642438,0.5407951161100442,0.6855465716058408,0.6756092816632653,0.6953537041063478,0.779096848055473,0.7690263837185192,0.7886485309447592,0.07011907344094642,0.0671971313076199,0.07327804816315137,23.461358313817332,22.976135865952873,23.968202936444087,22.21311475409836,21.54018134513824,22.863999280057595,19.89929742388759,19.387141120581248,20.40619047886912
long_k25,test+eval,21.0,327,230,False,0.529792752632525,0.5170065272185429,0.5422235336567915,0.6865640343061175,0.6755482588156577,0.6970797084796518,0.7831883528730589,0.7716813844675173,0.7941180631808021,0.0801797876319307,0.07765567776930822,0.08262673629108984,23.749235474006117,23.190251932237317,24.323737582781458,23.339449541284402,22.49158506332419,24.106956063531147,24.504587155963304,23.82526668134331,25.15638099673964
long_k25,test+eval,22.0,43,42,False,0.503883223696994,0.4678772110354261,0.5405562385650458,0.6619172600452425,0.6284459258554295,0.6942863790376816,0.7661307820250802,0.7338805666404694,0.7978819091705773,0.06972182160983081,0.06037854050252129,0.08062684956962904,22.558139534883722,20.71778846153846,24.377924528301886,20.511627906976745,18.203931818181818,22.921430571108623,10.69767441860465,9.586937781109446,11.8780803195963
long_k25,test+eval,23.0,148,135,False,0.5050564886575754,0.48564666808142953,0.5233088680636535,0.664280326080221,0.6468393738306358,0.680914877915156,0.7615751091730406,0.7436515697633111,0.7785928857347567,0.06956746246190713,0.06497141797101476,0.07412443904980187,21.263513513513512,20.389162550810788,22.11726533129699,18.97972972972973,17.85430463576159,20.130018438351772,12.04054054054054,11.446786946520989,12.669064082586676
long_k25,test+eval,24.0,42,36,False,0.5485319185709308,0.5089734990446468,0.5910376781555308,0.6976259332261716,0.6643425368776774,0.7326433815523579,0.8073162650135493,0.7689678568154259,0.8447350878481817,0.053776884480497736,0.045027070983866053,0.06310648206264514,16.0,15.045429292929292,17.055637254901963,12.857142857142858,11.222023809523808,14.489166666666666,2.619047619047619,2.235072142064373,3.0465393133997782
ccs_group,test,2ndary malig,73,57,False,0.5224085738875975,0.49453301092568236,0.5498781745784186,0.6791993955932428,0.6550123479676101,0.7031036355896599,0.7616997944077462,0.7341329829384594,0.7885776921971067,0.061506475351117876,0.05676057939354148,0.06702472606457166,19.273972602739725,18.442785714285716,20.166796875,18.383561643835616,17.37496234939759,19.3099893883851,13.712328767123287,12.146897977941176,15.210551619433199
ccs_group,test,Ac renl fail,21,21,True,0.5026192494711191,0.4752465358269721,0.531672520119982,0.6665464781514826,0.6424394974271551,0.6917764430905636,0.7491050581784481,0.7109142458884011,0.783886488990762,0.0697925424684861,0.05747765473424222,0.08283081337980948,23.333333333333332,21.5,25.071816770186334,20.952380952380953,18.4,23.678712406015034,22.095238095238095,19.058823529411764,25.29426470588235
ccs_group,test,Acute CVD,77,67,False,0.5268667694254006,0.5010781113037531,0.5544629722389305,0.681602450666356,0.6588677374280827,0.7061961464103251,0.7798935933514349,0.7577569226720436,0.8037088683316055,0.061484195393724475,0.055389197640770375,0.06794412116954138,19.194805194805195,18.242706766917294,20.26324561403509,19.584415584415584,18.34372767857143,20.882583274273564,12.38961038961039,11.217905405405405,13.635615468409584
ccs_group,test,Acute MI,58,56,False,0.5679231971084634,0.539772679115599,0.5964235823099187,0.7184595721607052,0.6945797937409518,0.7417429612307587,0.8395901518554483,0.8172764250936134,0.8602745428948059,0.09407291903756101,0.08663286519357807,0.10149052863280549,23.120689655172413,21.7804756097561,24.51563760080645,22.224137931034484,20.14020748987854,24.39486842105263,17.155172413793103,15.40615562403698,18.836186661698953
ccs_group,test,Adlt resp fl,70,60,False,0.5130588784485137,0.4856381175030776,0.5399214723380636,0.6713875084790496,0.645943648190811,0.69569661375736,0.7843671671402157,0.7605628555800302,0.8054773220334286,0.08885647935226308,0.07993286080159195,0.09762124129303515,22.82857142857143,21.805935838051123,23.927305194805193,21.47142857142857,20.028901895206243,22.842939560439557,17.785714285714285,16.263018341307816,19.452156933429464
ccs_group,test,Alcohol-related disorders,34,25,False,0.5206335523701092,0.48675294353718557,0.5566339128168595,0.6786664020981895,0.6479734340176228,0.7095679104842936,0.7811140961864185,0.7408152448814271,0.816987934320549,0.07650840585967494,0.06484576184538,0.0882807622721768,20.0,18.471875,21.84642857142857,16.676470588235293,14.13789184952978,18.956715838509314,12.529411764705882,10.869492753623188,14.628690476190474
ccs_group,test,Aneurysm,43,39,False,0.5935127973894624,0.5520287847416367,0.6344371780735711,0.7360974483469163,0.6989031424167041,0.7702839995389883,0.8438676750372911,0.8058790208641938,0.878476502043174,0.07354179820240625,0.0668530868657279,0.08069926080906642,24.74418604651163,23.285714285714285,26.160166666666665,24.558139534883722,22.51830065359477,26.625,15.093023255813954,12.690371148459382,17.575208333333332
ccs_group,test,Asp pneumon,39,33,False,0.5013864852418154,0.46626852920364353,0.5390941180904194,0.6613018392056613,0.6311729472979659,0.6931953547614118,0.7646534978140804,0.739160032159381,0.7903075852586651,0.08096963420213485,0.07364179529295814,0.08823339201428301,22.794871794871796,21.605247858017137,24.125164473684208,20.76923076923077,18.562127976190474,23.212700534759353,17.692307692307693,15.63888888888889,19.675036764705883
ccs_group,test,Complic devi,107,94,False,0.5231941683834279,0.5023406476142401,0.5458770058573558,0.6794095423587285,0.6605652741396275,0.6991448307450312,0.778033379392372,0.7582937462593196,0.7987159803203115,0.07128256480160151,0.06592670152458004,0.07661841421520148,23.186915887850468,22.0,24.375208333333333,22.785046728971963,21.320446129430437,24.31725444957152,19.130841121495326,17.50884903530378,20.700021367521366
ccs_group,test,Complic proc,106,94,False,0.4992930104018986,0.47871500526138216,0.5205376934661592,0.6592118389921617,0.6402032483663681,0.678394178736951,0.7486007409121558,0.7259695740012849,0.770753012093489,0.07038071775430046,0.06434996293078246,0.07604945587997404,21.367924528301888,20.276551080071464,22.435741486236534,20.50943396226415,19.190444015444015,21.80542699115044,16.150943396226417,14.917504295532646,17.344851756364807
ccs_group,test,Coron athero,66,63,False,0.6727944379970027,0.6467506429478401,0.6977851978211804,0.7988962055559767,0.7780865296954808,0.8182988570219468,0.9072034291832837,0.8831181019207314,0.9266481776880925,0.08115572424663064,0.0751050697083735,0.08727067234920081,25.727272727272727,24.476693548387097,26.865727963953816,26.575757575757574,24.818075980392155,28.209991039426523,14.712121212121213,13.30637960829493,16.07501179245283
ccs_group,test,DiabMel w/cm,35,27,False,0.5296643664657942,0.4921601858403098,0.5712365329540445,0.6873561213722552,0.6544215729535632,0.7232163654195184,0.7806042146708714,0.7428059123097209,0.8199440220518988,0.07881863858160186,0.07168308550350072,0.0854757134610942,22.428571428571427,20.981093569503273,24.300192307692306,21.6,19.137339901477834,24.529569327731092,17.542857142857144,15.038392857142856,20.50046296296296
ccs_group,test,Dysrhythmia,48,40,False,0.4822137996436901,0.4501483943581245,0.5138227073821539,0.6433770053380691,0.6142480756852731,0.671750551308267,0.7375630491027682,0.7003615572189487,0.7717901427630212,0.0883518724820343,0.07856375584359977,0.09835464115739198,19.75,18.477226154992547,21.11927655677656,18.4375,16.59438490214352,20.390987804878044,15.104166666666666,13.019897959183675,17.238142857142854
ccs_group,test,GI hemorrhag,76,65,False,0.4289560944382133,0.39738402072552803,0.45914455933641307,0.5890201925265548,0.5557779943827187,0.6197205116948707,0.6842021427561648,0.6500822888982151,0.7146924953111079,0.07235054528336252,0.06436927461495827,0.08001540722191884,17.223684210526315,16.0,18.5343232467798,14.657894736842104,13.018372011251758,16.352556818181817,15.960526315789474,14.556647727272727,17.4486074270557
ccs_group,test,Hrt valve dx,68,65,False,0.6399686147370502,0.6102365699820897,0.6706841952045546,0.772754261428411,0.7476257754982997,0.7981859966287648,0.8829352837450938,0.8601448560362418,0.9064166823748206,0.07390868629989629,0.06850721529633073,0.07962532271035261,25.794117647058822,24.728434065934064,26.79418658088235,28.029411764705884,26.712143498764878,29.350120967741937,15.941176470588236,14.256017316017317,17.731890870323703
ccs_group,test,Intracrn inj,44,37,False,0.516914625720929,0.48346873680412905,0.5475916794425989,0.6738377386440464,0.6417669325504902,0.7021908556248965,0.775529667893678,0.7510518515792186,0.7973842720075525,0.06385071255136504,0.0558109504282363,0.07145224586562214,18.295454545454547,17.17948717948718,19.5,19.136363636363637,17.515063424947147,20.853745644599304,12.772727272727273,10.948404255319149,14.744813829787233
ccs_group,test,Oth liver dx,34,29,False,0.5003416578014492,0.4562721968733064,0.5483420040957038,0.6564523809049757,0.6165370553957139,0.6982990828921652,0.7393726615539784,0.6953753340165212,0.785160424759115,0.04326769155301536,0.03570109492198572,0.0509809752171225,22.441176470588236,20.256825396825395,24.931145717463846,21.88235294117647,18.6,25.57713414634146,15.970588235294118,13.574295572167914,18.50035714285714
ccs_group,test,Pneumonia,62,55,False,0.522116355311723,0.4997737440463039,0.5456882658066808,0.6814466534906138,0.6616716986933109,0.702015176861629,0.7861545672822415,0.7637362998353913,0.8058497456828112,0.08590970673694832,0.07795865476481068,0.09375957508518226,23.306451612903224,22.333196721311474,24.357305194805196,21.887096774193548,20.455752899751452,23.366822033898305,16.967741935483872,15.333333333333334,18.839424261083742
ccs_group,test,Septicemia,199,174,False,0.5454608236256031,0.5312577539297595,0.5587192081769509,0.7006800505521639,0.6881403019931244,0.712131719272274,0.7954020383821871,0.7821418373572679,0.8076617422454427,0.06473609863476365,0.06169769741202271,0.06759450894431064,23.78391959798995,23.106313494345407,24.492179144385027,21.482412060301506,20.526259499014916,22.478266070314127,20.251256281407034,19.298735282519292,21.234994124559343
ccs_group,test,chf;nonhp,82,70,False,0.5246831560499295,0.5012498377484214,0.5496677565769679,0.6817104159837233,0.6608455229609129,0.7033575633600369,0.7933235432600614,0.7725389714197274,0.8159853225257473,0.08900972634728681,0.08432366140519285,0.09414662018883288,24.146341463414632,23.084053315105947,25.153846153846153,22.926829268292682,21.247041773231032,24.53263899022326,19.0,17.396841090805257,20.683735107967237
ccs_group,test,기타(소규모),832,607,False,0.5023748456408814,0.49419712428268836,0.5103653058674251,0.6605379313090842,0.6528772345136108,0.6679753558054372,0.7485011614334312,0.7390847322100632,0.7576242398968256,0.0733867869287932,0.07117093876296576,0.07555026294082867,20.778846153846153,20.351219975970917,21.184853988705054,19.354567307692307,18.81380700778643,19.86243035190616,14.704326923076923,14.102735572949365,15.283286053569071
ccs_group,test,미지정/매핑불가,16,16,True,0.5281773050710831,0.4812961770187107,0.5784126933030522,0.6858729838625881,0.643687810796404,0.7300401205461622,0.7758246414152488,0.727534910533619,0.8251114225033457,0.06984692971385,0.05751204749863939,0.08131315267086482,21.5625,18.665909090909093,24.616071428571427,20.9375,18.133260869565216,24.154166666666665,14.6875,11.6,17.89486842105263
ccs_group,test+eval,2ndary malig,146,113,False,0.530917374388991,0.5109142636597304,0.5516101154221823,0.686040396936977,0.6681743774042934,0.7039748818232223,0.7704825974945193,0.7495549730049194,0.7910179920833217,0.05728971500448105,0.053695724236407415,0.06086165777566885,18.671232876712327,18.04045986284792,19.327622358175752,17.95205479452055,17.188881598133566,18.707901234567903,12.60958904109589,11.568527410964386,13.703968253968252
ccs_group,test+eval,Ac renl fail,49,49,False,0.5027886273473401,0.4803212517656646,0.5257094055815474,0.6654057866420378,0.6451711301692699,0.6856569822941857,0.7478787854258239,0.7206708721397013,0.7736462659427746,0.07050063093977124,0.062309977340630304,0.07853611729475896,22.857142857142858,21.658977272727274,24.041426353149955,19.632653061224488,17.672759433962266,21.631163274745603,20.163265306122447,17.99959677419355,22.488888888888887
ccs_group,test+eval,Acute CVD,165,146,False,0.5277792085907639,0.5086440252612819,0.5463904009898579,0.6814773167404087,0.6638260198087997,0.6989955588649182,0.780419857220159,0.7602873744227568,0.798911098438283,0.06548011890698784,0.06108881987304614,0.07016464495475681,19.327272727272728,18.648137626262628,20.066825842696627,19.424242424242426,18.497072435690452,20.34466559780119,12.181818181818182,11.316369313113292,13.065888223552893
ccs_group,test+eval,Acute MI,116,109,False,0.570275416613943,0.5487499259059655,0.5927485072498565,0.7191929809623342,0.7015017613990878,0.7373476097519205,0.8378731899202676,0.8225517554550839,0.8529144514810223,0.09842651352752341,0.09299965680529146,0.10361844366380135,22.698275862068964,21.66936138014528,23.715849282296652,21.775862068965516,20.19640066964286,23.371843162043575,16.094827586206897,14.96452518720218,17.277889784946236
ccs_group,test+eval,Adlt resp fl,149,124,False,0.509541947694184,0.49217465997323606,0.5266028346911735,0.6688911013967997,0.6532938822535973,0.684054188901708,0.7808875955233979,0.7646911861081137,0.7961655753727547,0.09173360863314946,0.08625183660158521,0.09758402583897388,23.06040268456376,22.331154283117474,23.757148109243698,20.953020134228186,20.006486448334275,21.851016000987205,17.91275167785235,16.782783446265366,19.0
ccs_group,test+eval,Alcohol-related disorders,65,52,False,0.518985954811067,0.492314049290378,0.5459893910675184,0.6766817078475376,0.6525566279809363,0.7006085620781823,0.7709228616368095,0.7368190684107838,0.8000515291970975,0.0765198330665269,0.06901121807683297,0.08439636380208003,20.215384615384615,19.014275793650796,21.55562015503876,17.092307692307692,15.2743778280543,18.8957149735195,13.384615384615385,11.973285714285714,14.861634615384615
ccs_group,test+eval,Aneurysm,82,71,False,0.5852594697917765,0.5590940448708911,0.610993885063541,0.7311281600725786,0.7087526589227277,0.7526912215580667,0.8374934341635483,0.8131056190140703,0.8601383622147756,0.07544591371259644,0.07046352254714124,0.08033532524886984,24.134146341463413,22.941131907308378,25.280672579453068,24.74390243902439,22.952065404475043,26.500277777777775,14.634146341463415,13.156282271944923,16.13765255292652
ccs_group,test+eval,Asp pneumon,61,54,False,0.49909998615997664,0.4724441719211988,0.5287454608890629,0.659394498760391,0.6356748547942395,0.6850811337683144,0.7696322108792603,0.7490473874344998,0.790203824377504,0.07945523138200657,0.07373886881101879,0.08496251458672668,22.639344262295083,21.546982629529797,23.6801875,20.229508196721312,18.469689239332094,22.07708333333333,18.278688524590162,16.589136904761904,19.920665922619047
ccs_group,test+eval,Complic devi,198,176,False,0.5246028674574486,0.5090865240125897,0.5410988630189575,0.6808863566847222,0.6668804606087255,0.6954662544629968,0.7815456640414605,0.7676543039122999,0.7963487174993636,0.0715809388546889,0.06787120898726716,0.07541050153690948,23.247474747474747,22.388261010362697,24.081015601560154,22.914141414141415,21.751198520378185,24.060044943820223,18.792929292929294,17.707281205164993,19.815400943396227
ccs_group,test+eval,Complic proc,201,180,False,0.5105208483111701,0.4931267699663804,0.5274351997547181,0.6675722389361521,0.6517002554019967,0.6831454277202129,0.7545565712149048,0.736217321010329,0.7714102306894113,0.07364276641233511,0.06930815193145551,0.07826960443162631,21.601990049751244,20.838806836844824,22.38718592964824,20.885572139303484,19.93219866071429,21.818285648361787,15.945273631840797,15.02994124423963,16.8872279857091
ccs_group,test+eval,Coron athero,113,108,False,0.6659385424731145,0.6460922709211904,0.6845386533872932,0.7939214412942279,0.7780337535497198,0.808669992051785,0.9009547627505172,0.8846284972784629,0.9155735572437911,0.08393351431181642,0.07934965825038168,0.08905690767262225,25.654867256637168,24.851842684268426,26.429828947368424,26.336283185840706,25.16845627747924,27.48202762923351,14.56637168141593,13.49966814159292,15.646932609301029
ccs_group,test+eval,DiabMel w/cm,62,47,False,0.5385291079322887,0.5109207668409135,0.5670071374080222,0.6950389365711015,0.6715416844198621,0.7191258734097522,0.7832743628838403,0.76021071223758,0.8064921778975391,0.08144871457680833,0.07613181397353405,0.08673525830660062,22.322580645161292,21.316626712328766,23.5,21.06451612903226,19.387695558352814,22.932285401858937,17.467741935483872,15.299907407407408,19.701310093415355
ccs_group,test+eval,Dysrhythmia,102,86,False,0.4695466384143479,0.4472612884457513,0.49185240525034685,0.631675096676525,0.6113594350503426,0.6521412782467672,0.7285037058259206,0.7043618890279908,0.7515457010641656,0.09177672303871917,0.08588658289694143,0.09765385536020164,19.205882352941178,18.329614412136536,20.115570175438595,17.784313725490197,16.489785062961353,19.1724449057809,14.382352941176471,13.079996565934065,15.844947916666664
ccs_group,test+eval,GI hemorrhag,162,137,False,0.43970277422222814,0.4181553469475543,0.461029381757755,0.6004839897174149,0.5782979232107653,0.6219328438286427,0.6939697165043285,0.6721132459930939,0.7172443655627679,0.07376879183379721,0.06834534918587204,0.07941008997171156,16.87037037037037,16.050847457627118,17.752006317878028,14.62962962962963,13.683160902642507,15.673985949098622,15.092592592592593,14.12340904440352,16.10080880081211
ccs_group,test+eval,Hrt valve dx,124,117,False,0.6616902975146354,0.6405496627226697,0.6829448502710005,0.7889120960617897,0.7711222143241461,0.8061185330447956,0.8888110002563049,0.8712953816545549,0.906630996952026,0.07463532037789347,0.07092548307501746,0.07848359997352403,25.572580645161292,24.822623155069962,26.323853820598007,27.20967741935484,26.195080850290697,28.205795072788355,14.71774193548387,13.496042369703787,16.000166666666665
ccs_group,test+eval,Intracrn inj,82,70,False,0.5331656501492789,0.508499004554751,0.5551485944133323,0.6881567601659236,0.6647054391493125,0.7078895993338684,0.7883975648926242,0.7656980360950926,0.8089636067305775,0.06211085431717848,0.05591489920327636,0.06792973950330847,18.573170731707318,17.77101775523145,19.340922949002216,19.24390243902439,18.013133825417203,20.49426470588235,12.109756097560975,10.846896258503401,13.381043956043955
ccs_group,test+eval,Oth liver dx,70,56,False,0.5011897741213135,0.4706239269694523,0.5331188249080272,0.6566330728276094,0.6283691693760466,0.6856472208545941,0.7443624971065883,0.7118809858473423,0.7761101511867067,0.04820478177312905,0.04243476897071203,0.05415272697194582,22.571428571428573,21.0,24.23446800595238,20.542857142857144,18.407697368421054,22.750416666666663,16.7,15.03476387738194,18.40318442036393
ccs_group,test+eval,Pneumonia,123,105,False,0.5150457557370195,0.49690672830027244,0.5331553102859133,0.6746649581916959,0.6584313915545864,0.6905187498370498,0.7767416569703988,0.7588266993666167,0.7949681263621197,0.08751211672715878,0.08238544210550884,0.09321309967008917,23.24390243902439,22.48854518018818,23.975020161290324,21.495934959349594,20.570115967885815,22.49557714505579,16.67479674796748,15.485459729151819,17.898347457627118
ccs_group,test+eval,Septicemia,426,348,False,0.5397812975302154,0.5291749835792572,0.5497502869641034,0.6955329239534304,0.6861635802476149,0.7041923811446881,0.7923560513391429,0.7825217644214855,0.8016752531504575,0.06452906353782414,0.06245180237635667,0.06661515132609297,23.3943661971831,22.92492924528302,23.878775294334066,21.455399061032864,20.821332767402378,22.13430910381184,20.05399061032864,19.409000728508982,20.724978041975703
ccs_group,test+eval,chf;nonhp,152,127,False,0.5148579359195761,0.49770985949470176,0.5316519171259944,0.6731380776591835,0.6579737956459059,0.6875026872570412,0.7787226994091362,0.7613117913752236,0.7944281952841152,0.08784823105507877,0.08441240586337227,0.09138056499901652,23.57894736842105,22.871915028952447,24.285714285714285,22.539473684210527,21.398691706412293,23.64754901960784,18.539473684210527,17.435492023978867,19.626137621683526
ccs_group,test+eval,기타(소규모),1727,1218,False,0.507799615442956,0.5021961978542695,0.5134561776158456,0.66578038528604,0.6605724141301499,0.6708526631608338,0.7569448194344942,0.7509166867384183,0.7630529118085974,0.07396350274398157,0.07235505234226293,0.07554450783023911,21.11580775911986,20.80530180489328,21.420468028272676,19.776491024898668,19.373011691363537,20.178463906688364,14.936884771279676,14.523151239776839,15.35396709093292
ccs_group,test+eval,미지정/매핑불가,25,25,True,0.5249868829489008,0.47811256921433704,0.5669708936113577,0.6805794776652921,0.6345611482892396,0.7196177424398799,0.7610970430763528,0.7059320140711141,0.8074593282962582,0.06866480532463363,0.059264574802995594,0.077536455361265,21.72,19.26875,24.105516194331983,20.24,17.791517857142857,22.763049450549445,14.24,12.086865942028986,16.423214285714284
