epoch,train_loss_mean,eval_ja,eval_prauc,eval_avg_p,eval_avg_r,eval_f1,eval_ddi_rate,eval_avg_med,epoch_seconds
0,0.3753131092424354,0.4309514192485054,0.7027058514792156,0.5813120097822647,0.6502122208624674,0.5939937071619897,0.0735930735930736,22.0,656.7920532226562
1,0.35886711730468235,0.43276606464986406,0.7048435295033951,0.5711410915315338,0.6664557037557036,0.5953112266263055,0.06700528938876052,22.989469065379552,655.424604177475
2,0.3840999637995637,0.43101857279547756,0.7112234919965726,0.5782126904209365,0.6513944240486539,0.5933696224599936,0.04756009858490213,22.146555506801228,766.7203660011292
3,0.40567191266427677,0.45058469699419984,0.7236820771891814,0.6138797504096299,0.6473081063794696,0.6120977921085827,0.059146061974072246,20.595875383940324,767.7078602313995
4,0.32718425602406626,0.46960351404669526,0.7311985457545712,0.6512532202284304,0.6395014497959056,0.630048072304964,0.0630633002903727,19.326020184291355,773.4597651958466
5,0.2910462930413269,0.47304137790343687,0.7348721896938955,0.6341994366536624,0.6626175878843911,0.6331980556680186,0.0657807113551713,20.618253620008776,769.6201174259186
6,0.27564851434332033,0.47820371252149496,0.7386607758026302,0.6468188806366862,0.658642337013001,0.638146151655317,0.06430466643293382,20.213251426064062,776.0177855491638
7,0.2731591163828915,0.48250285570529705,0.7424701160354503,0.6370413358845831,0.6785361531362432,0.642467421561405,0.061603938296904345,21.20842474769636,776.3162488937378
8,0.26036535426369634,0.4838029336454741,0.743792679095508,0.6512725487385306,0.6651781717748548,0.6437502193994027,0.06325527969816776,20.213251426064062,766.9494173526764
9,0.25776692786726263,0.48441950964658753,0.7479516892027867,0.6488111184817452,0.6688845868870456,0.6441567513229273,0.061371931612224276,20.48047389205792,771.0807399749756
10,0.249272307008203,0.4862849031828518,0.7475782397029249,0.6584039592377059,0.6631684166207776,0.6461929537997487,0.061937700521436975,20.06801228609039,771.404994726181
11,0.24140915264271534,0.4847986983527814,0.7488389944501045,0.6566250190351322,0.6619859249570998,0.6447591744365258,0.06467375556472645,19.997367266344888,784.989824295044
12,0.23727937964286552,0.4838440667075065,0.7525332049600605,0.6648747976102373,0.6521575146065685,0.6439541152872297,0.060605568972470346,19.43220710838087,772.0057497024536
13,0.24139321792398571,0.48682535756298256,0.7524350187855553,0.6618781732814638,0.6594417289737765,0.6465040554502571,0.06491568723072036,19.79596314172883,755.5106515884399
14,0.2346106049745802,0.48743859629586805,0.751724087122686,0.6688837294195238,0.6544238642754586,0.6470680480260205,0.06513876638619383,19.365949978060552,781.2677493095398
15,0.23425923768894966,0.49376480136509493,0.756421485821122,0.6739415600009591,0.662307722103252,0.6529487925782862,0.06595606229930259,19.3576129881527,773.26229596138
16,0.23319386519671562,0.4943575602217807,0.756844694445597,0.6650852992385062,0.6718250852862808,0.6533549104236839,0.06210010125977776,19.965774462483544,769.88503241539
17,0.22742217647492252,0.49542065741517644,0.757997528982779,0.669184750815835,0.6709236020558148,0.6542182129443296,0.062307136319797354,19.837209302325583,771.982754945755
18,0.22765686752980338,0.4928687267311504,0.7581877438008161,0.6738844169694839,0.6603476072595852,0.6519549534265687,0.06192324811428762,19.252303641948224,769.4705667495728
19,0.23161590016084832,0.4971423781997625,0.7604548031011495,0.6620043899222944,0.6801156945703093,0.6557110137512715,0.06508487091207253,20.25581395348837,771.8920307159424
20,0.23134998814886532,0.49852121226836665,0.7599322492973227,0.6565674398770189,0.6885330120472365,0.6570812192114722,0.05970799469828516,20.686704695041684,784.7090718746185
21,0.2417253794092005,0.5032146913376656,0.7637377568803219,0.6697960154757832,0.6823550996903904,0.6612207636975825,0.06203515448510757,20.09082931110136,773.8641679286957
22,0.22741164717082887,0.5011427836661143,0.7626091302163948,0.6583634125016594,0.6925575802846904,0.6594595800281016,0.05987699209939235,20.71127687582273,752.9683496952057
23,0.23462430073728094,0.5023436645765407,0.7632755150857392,0.6584872223325211,0.6938884382545896,0.6605875458010632,0.0629007069297802,20.820096533567355,781.0741221904755
24,0.23170057816904802,0.5042869956663424,0.7645204084039636,0.6523415217820792,0.7030940305080774,0.6619682256553828,0.06191293982352615,21.380868802106185,770.7205901145935
25,0.23074626556445774,0.503515066145528,0.7633267605621269,0.6567818990102386,0.6971838047986162,0.6614125425534438,0.06217786384626844,21.011847301448004,769.6658372879028
26,0.2250822636547715,0.5046815316501817,0.7642597642330702,0.6652411209644133,0.6897795110834231,0.6625806860113889,0.06255209541059017,20.466432645897324,781.8114168643951
27,0.2295270957663386,0.504548971053144,0.7622966555512817,0.6562016908302148,0.6986404033626127,0.6622547291309173,0.06055286282854554,21.053093462044757,760.3086853027344
28,0.22426115081293094,0.5034039097977256,0.764055208199561,0.6610809408590401,0.6919238964594496,0.6609675553738157,0.05890013433004174,20.658183413777973,773.4345653057098
29,0.22605784044052565,0.5053466551996831,0.7630048574494318,0.6469367388827134,0.7118361601046842,0.6629689333478749,0.05955594553289618,21.903466432645896,782.822292804718
30,0.22462514142383916,0.5080379911361391,0.7643743667643048,0.6505369497924359,0.7122208461625965,0.6651606330901934,0.060850375930081274,21.691970162351907,772.1133451461792
31,0.23390089854039464,0.5080102217807209,0.7635190122026169,0.6464984931117017,0.7157291917747602,0.6649346441885053,0.06076553345261902,21.844668714348398,757.9529690742493
32,0.22448937557946017,0.5080258407507834,0.7648308027682867,0.6462463850016821,0.7180979495788002,0.6654510175857747,0.058355026707621355,22.029837648091267,775.6261003017426
33,0.22076581387111305,0.5075603412066697,0.7656448401500852,0.6600668484940486,0.7002113679066398,0.6648461147566924,0.06117920499016667,20.997367266344888,778.4015407562256
34,0.22651972701211093,0.5052115130921749,0.7627086938145895,0.6623765754892184,0.6934613329860454,0.6625671164800336,0.05948958280271,20.709521720052656,769.2848196029663
35,0.22064926112630948,0.5097310198506678,0.7655067418864311,0.6565485007556757,0.707874460248095,0.6667296829048799,0.059422763259605334,21.409828872312417,771.9746189117432
36,0.22399671880365135,0.5092809842261714,0.7653112646977976,0.6537057481232669,0.7100819642698252,0.666256214022616,0.05958981691061336,21.420798595875382,766.4992451667786
37,0.22660331077708468,0.5086064362724848,0.7638383357024927,0.6542767253116394,0.7089203125817368,0.6658376103239215,0.059786607448290625,21.40544098288723,602.5695397853851
38,0.2247376345869474,0.5072012466277455,0.7636882970341773,0.6410464817240819,0.7211792770873168,0.6644869293553367,0.05941269254595335,22.3576129881527,236.399019241333
39,0.21888483063761255,0.5080985475852128,0.7646672159868033,0.6489172978515201,0.7138008971382882,0.6655538129518813,0.0618853318518137,21.772268538832822,241.81780099868774
40,0.2207520874177863,0.5074833258610131,0.7635890416942173,0.6422339247275791,0.7209667509119041,0.6647369556783057,0.06137955724644264,22.199648968845985,241.29713535308838
41,0.21742450343805877,0.5073839160678344,0.7651402122271858,0.6531589038857823,0.7077478677656341,0.6648496353350813,0.06147446487813151,21.41290039491005,240.03587889671326
42,0.2177817100830689,0.5101697193592118,0.7638771116959038,0.6505136970830149,0.714820525357259,0.6670885141147491,0.061063022075821476,21.7340939008337,188.77975392341614
43,0.21643035882626535,0.5094375206967682,0.7662818217420733,0.6521120807900794,0.7121683270732094,0.6664145957440694,0.06211648746185781,21.63975427819219,169.89885640144348
44,0.22073866575262446,0.5084955193302032,0.7636838817617936,0.6567580993928321,0.704685353272446,0.6655202488932485,0.06085643299069518,21.153137340939008,169.90231370925903
45,0.21831011600006148,0.5071008128104886,0.7633953232812193,0.6497026871531771,0.7115708836635729,0.6647097361678386,0.06022240262805143,21.551557700745942,170.02260041236877
46,0.2221052121941598,0.5072015025681081,0.7645332918467895,0.6535073788945526,0.7075013842141039,0.6645895214431728,0.060541185027989095,21.513821851689336,175.2499589920044
47,0.2194853134426149,0.5102173790846508,0.7652735150702612,0.64972605601415,0.716688190422096,0.667351800867922,0.060562147873023844,21.777095217200525,168.90338945388794
48,0.21802472861022693,0.5089504743767332,0.7637856833372467,0.650093677649876,0.7142815529525457,0.6659299421101099,0.058582992572811486,21.676173760421236,171.2404601573944
49,0.2181219038063768,0.5089892300006463,0.7652474930785335,0.6535151267468308,0.709029212160616,0.6659029609448112,0.06173322622095878,21.462044756472135,175.52509021759033
