partition,group,n_visits,n_patients,mean_ddi_pred,ci_low_ddi_pred,ci_high_ddi_pred,mean_ddi_true,ci_low_ddi_true,ci_high_ddi_true,mean_excess_ddi,ci_low_excess_ddi,ci_high_excess_ddi
long_k10,0.0,171,136,0.0637178272146879,0.06172430397280119,0.06566442536756907,0.10373399518118731,0.09423031627201131,0.11375550545411617,-0.04001616796649941,-0.04968852868784333,-0.03075698821412048
long_k10,1.0,132,112,0.0585930421610752,0.05597653065995921,0.06107076905319684,0.07963894497337896,0.0717450153722641,0.08728240424880733,-0.02104590281230375,-0.028846594414922974,-0.013168461548434438
long_k10,2.0,240,171,0.0628999020239888,0.06106301331643919,0.06458881453496931,0.08615294878770403,0.08067086863979708,0.09170841745487511,-0.023253046763715236,-0.028880708429867213,-0.017962349686303544
long_k10,3.0,239,196,0.0657291750977042,0.06370026263253876,0.06763823198348824,0.08043601855532787,0.07452309158717524,0.0862961018548384,-0.014706843457623662,-0.02044772688845338,-0.008913354737942565
long_k10,4.0,345,227,0.05868359958020217,0.05736139660802052,0.06000809922202701,0.07563316131281814,0.07158644907084317,0.07971208233542042,-0.01694956173261597,-0.021097879690030092,-0.012789158365258204
long_k10,5.0,499,368,0.05732507009908505,0.056262886212019116,0.05833653866120459,0.07415350000855075,0.07006332423163536,0.078174531441459,-0.016828429909465703,-0.020935064736548752,-0.012658122421264557
long_k10,6.0,99,72,0.04669858216171833,0.0439508913494722,0.04937773454321828,0.06481213578068278,0.05465502037388632,0.07639598995482881,-0.018113553618964447,-0.03033262286054244,-0.0076315727431393145
long_k10,7.0,89,72,0.0504700110030942,0.046701823009144265,0.05388076266269813,0.06282638447438617,0.05477869992393507,0.07209719343477432,-0.012356373471291976,-0.023255103359386183,-0.002849673373913751
long_k10,8.0,137,97,0.0522365961285441,0.05008618455395577,0.05415298895124254,0.0707888070289966,0.06275798524420877,0.07992154720823719,-0.018552210900452504,-0.027381149725999178,-0.010472398557171947
long_k10,9.0,239,205,0.05681601855667877,0.05510641986467272,0.05859622654585855,0.07708222591666372,0.07055637134718963,0.08379051332547177,-0.02026620735998495,-0.027035647056084654,-0.013481273303399908
ccs_group,2ndary malig,73,57,0.0559378292865006,0.053183829439122025,0.058650858577890354,0.07191934931400502,0.0634263619594329,0.08127420092915834,-0.015981520027504425,-0.025326672740772233,-0.007406978861868214
ccs_group,Ac renl fail,21,21,0.06030732835173605,0.05408728144826344,0.06625662340280099,0.06255792091668054,0.050510349228024096,0.07383823462376957,-0.0022505925649444905,-0.01423741211298804,0.00916138592421427
ccs_group,Acute CVD,77,67,0.057447771774419204,0.05369544079492219,0.06060333771866142,0.059126848769964976,0.052882422167111746,0.06587466293931986,-0.0016790769955457628,-0.00907360563081917,0.005239884086503045
ccs_group,Acute MI,58,56,0.062179769065064415,0.05892171636784082,0.06548704499568342,0.12047103459498755,0.10669322049295404,0.13594093739517077,-0.058291265529923135,-0.07274389140163101,-0.04535804724516446
ccs_group,Adlt resp fl,70,60,0.0663551545723474,0.06335207112649374,0.06933142395158993,0.10895548419260713,0.09641744148483784,0.12138042735759787,-0.04260032962025974,-0.05477132021954346,-0.03036963170014462
ccs_group,Alcohol-related disorders,34,25,0.052504783294573844,0.04806691565057203,0.057422037806937866,0.07471344451501773,0.06524064260370659,0.0835228703681954,-0.022208661220443886,-0.032587924193188116,-0.010078656904128234
ccs_group,Aneurysm,43,39,0.05711263468072632,0.05242908680956752,0.0613393594622377,0.07266226680814851,0.0615894308659672,0.08434723781597948,-0.015549632127422192,-0.028347732813920664,-0.003288542543784727
ccs_group,Asp pneumon,39,33,0.06416073151816039,0.06006911156119368,0.06810997598379889,0.09600811070180502,0.08178864004140896,0.11024842681702403,-0.03184737918364465,-0.045569289435405,-0.01806610696259885
ccs_group,Complic devi,107,94,0.05762770836266233,0.055312957887125584,0.05990978460050272,0.07867022458625335,0.07015716478606099,0.0882987781183377,-0.021042516223591025,-0.031245905611806946,-0.011771086721750614
ccs_group,Complic proc,106,94,0.05696003804358404,0.05390589913178487,0.05984889925637867,0.07857688603411213,0.07000923283142339,0.08749808891558283,-0.021616847990528095,-0.02972907237740316,-0.013187566640068845
ccs_group,Coron athero,66,63,0.05603916743856286,0.05282002038059215,0.05913284587186862,0.08100498283675465,0.07062887128916907,0.09411260780729919,-0.02496581539819179,-0.03749141481602869,-0.014853262854878906
ccs_group,DiabMel w/cm,35,27,0.06359887106019856,0.05975610095134089,0.06720021161631994,0.06260733933836413,0.0517321987099036,0.07146703062724503,0.0009915317218344274,-0.007902538930959472,0.01157610562112771
ccs_group,Dysrhythmia,48,40,0.061056270026237196,0.057626417221593895,0.06433712830282359,0.11175491453562501,0.09387541289938707,0.13127345426421386,-0.050698644509387825,-0.06906758766172112,-0.03355799624818304
ccs_group,GI hemorrhag,76,65,0.056898853339424606,0.05322627129021866,0.060467624910932286,0.07368845600129913,0.060835691826969907,0.08869253156879839,-0.016789602661874528,-0.031884267075554196,-0.002962049622779439
ccs_group,Hrt valve dx,68,65,0.05530380516608041,0.05210341349566065,0.05867581442440641,0.06990938512428628,0.062170482626454665,0.07791045565570522,-0.014605579958205873,-0.02279784288614829,-0.007390221225825661
ccs_group,Intracrn inj,44,37,0.054566094621407116,0.050172271828003226,0.05879213283869148,0.06126955289764542,0.05139801049914632,0.07259215843698888,-0.0067034582762383,-0.018261622408940414,0.003210274998315778
ccs_group,Oth liver dx,34,29,0.04659350946685126,0.041776821220320025,0.05140123367657924,0.042042240140597965,0.03311955480889558,0.05102722433533942,0.004551269326253291,-0.007202825434570607,0.01568554481976545
ccs_group,Pneumonia,62,55,0.06350615808337925,0.060330482355669866,0.06683872934516177,0.08039177407132622,0.070856930291477,0.09031699053309412,-0.016885615987946957,-0.02641356389058786,-0.007422628828517869
ccs_group,Septicemia,199,174,0.05786647479334824,0.055887596361980194,0.05982596994238398,0.06799897160195807,0.06310146328151758,0.0727501833482617,-0.010132496808609828,-0.01506044576374471,-0.005173682517591659
ccs_group,chf;nonhp,82,70,0.05975993011214116,0.057149842984424576,0.06237806093452336,0.09773066441656468,0.08697985258000872,0.10980605075288828,-0.03797073430442353,-0.05040426310089871,-0.02688809378507055
ccs_group,기타(소규모),832,607,0.05879723526790505,0.057828938155324076,0.059827371009270824,0.07713866191224045,0.07387657579636878,0.08038602628796088,-0.0183414266443354,-0.021720568373322636,-0.015041803842487163
ccs_group,미지정/매핑불가,16,16,0.06044684082462842,0.05370255520632046,0.06739142435700453,0.0874446856003596,0.06432865274604418,0.10873763928757635,-0.026997844775731177,-0.0519026842315129,-0.001325485441264283
