partition,scope,outcome,term,estimate,cluster_robust_se
long_k10,test,jaccard,0.0,0.4137785822751452,0.01772643602127936
long_k10,test,jaccard,1.0,0.3483972816272586,0.019015946733133563
long_k10,test,jaccard,2.0,0.35853128783840055,0.019079016580630152
long_k10,test,jaccard,3.0,0.37973399935613383,0.016985071556329813
long_k10,test,jaccard,4.0,0.36439749683765765,0.02150255571433584
long_k10,test,jaccard,5.0,0.37379389419829423,0.020002587392825358
long_k10,test,jaccard,6.0,0.3663698010806028,0.01808198662113619
long_k10,test,jaccard,7.0,0.40870838025911194,0.017155126010636578
long_k10,test,jaccard,8.0,0.40512368336879007,0.018803677737152028
long_k10,test,jaccard,9.0,0.3969588445736803,0.018865388442062824
long_k10,test,jaccard,log_n_dx,-0.02563368183209358,0.006935782775072797
long_k10,test,jaccard,n_med_gt,0.010323327503308092,0.0003733150923385422
long_k10,test,jaccard,visit_index,-0.0038975889892194104,0.0020195460468219835
long_k10,test,f1,0.0,0.5731133472595451,0.015616000289510002
long_k10,test,f1,1.0,0.5157606685373992,0.01758989935350876
long_k10,test,f1,2.0,0.5269729414279744,0.017076616410609
long_k10,test,f1,3.0,0.5477157630684049,0.01509868313581185
long_k10,test,f1,4.0,0.5316216312307206,0.01920881190141204
long_k10,test,f1,5.0,0.5407879311381621,0.017880733650907938
long_k10,test,f1,6.0,0.5338195824472847,0.01666987307028366
long_k10,test,f1,7.0,0.5690867177967905,0.015866721884809434
long_k10,test,f1,8.0,0.5667349980465202,0.01658428030863491
long_k10,test,f1,9.0,0.5598872097785541,0.016771808003389194
long_k10,test,f1,log_n_dx,-0.021220833363293886,0.006174185478278214
long_k10,test,f1,n_med_gt,0.009211313231083559,0.0003473953915171169
long_k10,test,f1,visit_index,-0.002480328865908684,0.001880313510278504
long_k10,test,ddi_rate_visit,0.0,0.09298887331455832,0.004003867901222232
long_k10,test,ddi_rate_visit,1.0,0.07204171109220692,0.004251135742507258
long_k10,test,ddi_rate_visit,2.0,0.08810067879936297,0.004244024650728382
long_k10,test,ddi_rate_visit,3.0,0.07975947604402457,0.004193993922258622
long_k10,test,ddi_rate_visit,4.0,0.08166299751753513,0.004849773998741131
long_k10,test,ddi_rate_visit,5.0,0.07285367809810098,0.004491806901647095
long_k10,test,ddi_rate_visit,6.0,0.05855285421780459,0.004783612767251037
long_k10,test,ddi_rate_visit,7.0,0.06121407050294277,0.0038536969411026205
long_k10,test,ddi_rate_visit,8.0,0.0662024560271,0.003954702071583435
long_k10,test,ddi_rate_visit,9.0,0.0774898961895726,0.004308745692209828
long_k10,test,ddi_rate_visit,log_n_dx,0.0001249617351934162,0.0015558418439192217
long_k10,test,ddi_rate_visit,n_med_gt,-0.00025632949134899417,7.985535373258863e-05
long_k10,test,ddi_rate_visit,visit_index,0.0004734415376798607,0.00039440073125949
long_k10,test+eval,jaccard,0.0,0.4031209033351027,0.013088785553496327
long_k10,test+eval,jaccard,1.0,0.34741870408549574,0.013271444951342401
long_k10,test+eval,jaccard,2.0,0.34701009697886676,0.013598131915784541
long_k10,test+eval,jaccard,3.0,0.3587023444525322,0.012350886616659732
long_k10,test+eval,jaccard,4.0,0.34691048425913434,0.015608207757083103
long_k10,test+eval,jaccard,5.0,0.356875990936429,0.014495460811982224
long_k10,test+eval,jaccard,6.0,0.35591161096778945,0.013952379552038405
long_k10,test+eval,jaccard,7.0,0.4017129263485505,0.011801049066877782
long_k10,test+eval,jaccard,8.0,0.39596242647298235,0.013756671170426959
long_k10,test+eval,jaccard,9.0,0.37832701365593224,0.01352258495464583
long_k10,test+eval,jaccard,log_n_dx,-0.018970918960041525,0.005068312136735368
long_k10,test+eval,jaccard,n_med_gt,0.010136377212512267,0.0002703967053139245
long_k10,test+eval,jaccard,visit_index,-0.00020001463066473857,0.0020491864035464577
long_k10,test+eval,f1,0.0,0.5607432758816633,0.011651532846332233
long_k10,test+eval,f1,1.0,0.514549350901101,0.012213771121586014
long_k10,test+eval,f1,2.0,0.5143959086171225,0.01233297308848619
long_k10,test+eval,f1,3.0,0.5259224817204547,0.011275237933590008
long_k10,test+eval,f1,4.0,0.5132515443982136,0.014148736108915311
long_k10,test+eval,f1,5.0,0.5227003670114344,0.013171685731308053
long_k10,test+eval,f1,6.0,0.5208673014334415,0.013037448992129054
long_k10,test+eval,f1,7.0,0.564420844050506,0.010843684857858383
long_k10,test+eval,f1,8.0,0.5566920657385573,0.012307690373038676
long_k10,test+eval,f1,9.0,0.5411030266859227,0.012188004230588089
long_k10,test+eval,f1,log_n_dx,-0.01408687145010523,0.004561819498204287
long_k10,test+eval,f1,n_med_gt,0.009030300843419424,0.00025166676333235896
long_k10,test+eval,f1,visit_index,0.00028969681498191565,0.0017758903897692952
long_k10,test+eval,ddi_rate_visit,0.0,0.09371350910448771,0.0028638096559399986
long_k10,test+eval,ddi_rate_visit,1.0,0.07306934590945806,0.0031944053500746828
long_k10,test+eval,ddi_rate_visit,2.0,0.08982812362680877,0.0030016477668462858
long_k10,test+eval,ddi_rate_visit,3.0,0.08218708334794878,0.002915292630109741
long_k10,test+eval,ddi_rate_visit,4.0,0.08232983712229046,0.0034413711332888642
long_k10,test+eval,ddi_rate_visit,5.0,0.07312764201945512,0.0032313555683533327
long_k10,test+eval,ddi_rate_visit,6.0,0.0590278897570416,0.003330438500178304
long_k10,test+eval,ddi_rate_visit,7.0,0.060873561020341804,0.0026834549296641886
long_k10,test+eval,ddi_rate_visit,8.0,0.06569150816260944,0.0028792385251276463
long_k10,test+eval,ddi_rate_visit,9.0,0.07730503860854292,0.003144741083000681
long_k10,test+eval,ddi_rate_visit,log_n_dx,0.0001477757498196016,0.0011270471907394476
long_k10,test+eval,ddi_rate_visit,n_med_gt,-0.00026824952650758414,5.674529147651612e-05
long_k10,test+eval,ddi_rate_visit,visit_index,0.0007696039022487727,0.00045638859465580974
short_k10,test,jaccard,0.0,0.40884706345872346,0.018938107015339406
short_k10,test,jaccard,1.0,0.34955965466349126,0.02243827934135473
short_k10,test,jaccard,2.0,0.3689050113912065,0.019828718848063778
short_k10,test,jaccard,3.0,0.39345575169491936,0.020729341634435256
short_k10,test,jaccard,4.0,0.361889515541762,0.019853315209292448
short_k10,test,jaccard,5.0,0.37258492342942695,0.019211061233712173
short_k10,test,jaccard,6.0,0.3675828132251969,0.018835878323359524
short_k10,test,jaccard,7.0,0.36502931975256525,0.02190050843699695
short_k10,test,jaccard,8.0,0.37034178137499374,0.018364013068242882
short_k10,test,jaccard,9.0,0.40913738025394425,0.019109545924567636
short_k10,test,jaccard,log_n_dx,-0.022439326721003742,0.0073879430496647525
short_k10,test,jaccard,n_med_gt,0.010401404426991357,0.0003808355498578938
short_k10,test,jaccard,visit_index,-0.0041943514586556836,0.0020908156352994712
short_k10,test,f1,0.0,0.5671867504311656,0.01697713029955143
short_k10,test,f1,1.0,0.5170020999387935,0.020560694434967886
short_k10,test,f1,2.0,0.5326443541909525,0.018183105971700822
short_k10,test,f1,3.0,0.5556205089131665,0.018656223971704414
short_k10,test,f1,4.0,0.5279744352829949,0.018493179980422752
short_k10,test,f1,5.0,0.5388945053279863,0.017242017221301236
short_k10,test,f1,6.0,0.5333262111173186,0.017514072285872564
short_k10,test,f1,7.0,0.53088347103701,0.020089529833036725
short_k10,test,f1,8.0,0.5351313615133768,0.016714972819427153
short_k10,test,f1,9.0,0.5713825296872003,0.017135890328333077
short_k10,test,f1,log_n_dx,-0.01766510376680942,0.006716601633865759
short_k10,test,f1,n_med_gt,0.009273949919231216,0.0003545973656033947
short_k10,test,f1,visit_index,-0.002783279952388284,0.001938081099995094
short_k10,test,ddi_rate_visit,0.0,0.0875631688703807,0.004603850598720974
short_k10,test,ddi_rate_visit,1.0,0.08851132583385275,0.005365759952050438
short_k10,test,ddi_rate_visit,2.0,0.09092203626057331,0.004549384915439362
short_k10,test,ddi_rate_visit,3.0,0.06846357743959158,0.004491688295157278
short_k10,test,ddi_rate_visit,4.0,0.07267271524870464,0.004615498321800653
short_k10,test,ddi_rate_visit,5.0,0.09050809987067196,0.004806506480226274
short_k10,test,ddi_rate_visit,6.0,0.0704350760165209,0.004603409904587004
short_k10,test,ddi_rate_visit,7.0,0.07653088814137547,0.005187327170527235
short_k10,test,ddi_rate_visit,8.0,0.0818848787654179,0.004341677478218932
short_k10,test,ddi_rate_visit,9.0,0.057352040448812,0.003663165077562547
short_k10,test,ddi_rate_visit,log_n_dx,-0.0012653280884330621,0.001737129319596124
short_k10,test,ddi_rate_visit,n_med_gt,-0.00025560291940425966,8.2148694361813e-05
short_k10,test,ddi_rate_visit,visit_index,0.00039921951386224624,0.00039180276549193103
short_k10,test+eval,jaccard,0.0,0.4101272281478645,0.014298594276278971
short_k10,test+eval,jaccard,1.0,0.3561232879824755,0.016350462601474526
short_k10,test+eval,jaccard,2.0,0.359447720262268,0.014463588383323955
short_k10,test+eval,jaccard,3.0,0.40257213091953015,0.01517292555501351
short_k10,test+eval,jaccard,4.0,0.35430891179116947,0.014276424356610034
short_k10,test+eval,jaccard,5.0,0.36908578758252736,0.01459590360938538
short_k10,test+eval,jaccard,6.0,0.3675896716128437,0.013132814123345774
short_k10,test+eval,jaccard,7.0,0.3626133068953735,0.015986822475091943
short_k10,test+eval,jaccard,8.0,0.3651135793664127,0.013395121040364139
short_k10,test+eval,jaccard,9.0,0.40690134619307444,0.013293643046606938
short_k10,test+eval,jaccard,log_n_dx,-0.019894341897049805,0.005412043805520793
short_k10,test+eval,jaccard,n_med_gt,0.01012121301294317,0.0002716495028480238
short_k10,test+eval,jaccard,visit_index,-0.0006471807180736403,0.002089842177860266
short_k10,test+eval,f1,0.0,0.5675045573562686,0.012691033898380144
short_k10,test+eval,f1,1.0,0.5227608625096063,0.014947243398966454
short_k10,test+eval,f1,2.0,0.5247479633650752,0.013203251793532616
short_k10,test+eval,f1,3.0,0.5640393928124727,0.013582282608702744
short_k10,test+eval,f1,4.0,0.521724713067897,0.013268945186417974
short_k10,test+eval,f1,5.0,0.5329313045491779,0.0133566772346973
short_k10,test+eval,f1,6.0,0.5338653265368889,0.012062113625862816
short_k10,test+eval,f1,7.0,0.5283859676555318,0.014621704606255611
short_k10,test+eval,f1,8.0,0.5308080458588756,0.012244943920256289
short_k10,test+eval,f1,9.0,0.5690074645560417,0.012119546492530003
short_k10,test+eval,f1,log_n_dx,-0.015217863187499622,0.004904539702341994
short_k10,test+eval,f1,n_med_gt,0.00902607583397126,0.00025315574867272096
short_k10,test+eval,f1,visit_index,-0.00013377321877642843,0.0018113451192173404
short_k10,test+eval,ddi_rate_visit,0.0,0.08442342097705396,0.003077258636004358
short_k10,test+eval,ddi_rate_visit,1.0,0.08292407120308566,0.003607267306529644
short_k10,test+eval,ddi_rate_visit,2.0,0.09014278701831448,0.0031087345921310926
short_k10,test+eval,ddi_rate_visit,3.0,0.06416781777464982,0.0031506185007693015
short_k10,test+eval,ddi_rate_visit,4.0,0.06732749330899308,0.0032104836530789382
short_k10,test+eval,ddi_rate_visit,5.0,0.08991661798684046,0.003236956317833776
short_k10,test+eval,ddi_rate_visit,6.0,0.0667883793933802,0.0031419736505342868
short_k10,test+eval,ddi_rate_visit,7.0,0.07182511757291038,0.0034697312668241407
short_k10,test+eval,ddi_rate_visit,8.0,0.07915937979918049,0.0030066875880485904
short_k10,test+eval,ddi_rate_visit,9.0,0.0572095633617187,0.002696955708000066
short_k10,test+eval,ddi_rate_visit,log_n_dx,0.00010838239705981986,0.0012093716607460467
short_k10,test+eval,ddi_rate_visit,n_med_gt,-0.00022723092016070182,5.790314219244095e-05
short_k10,test+eval,ddi_rate_visit,visit_index,0.0005556029340329946,0.00046641214857386337
concise_k10,test,jaccard,0.0,0.3393540804128964,0.01976394208285765
concise_k10,test,jaccard,1.0,0.3718679404644496,0.01659653571153571
concise_k10,test,jaccard,2.0,0.3411367665387804,0.020494088700514296
concise_k10,test,jaccard,3.0,0.3485003544390467,0.01796954474086238
concise_k10,test,jaccard,4.0,0.34632599333389663,0.019575631268103428
concise_k10,test,jaccard,5.0,0.35527446662259815,0.019255659340187088
concise_k10,test,jaccard,6.0,0.41034140741907305,0.016198970044983486
concise_k10,test,jaccard,7.0,0.3488023413725311,0.019676539866336842
concise_k10,test,jaccard,8.0,0.4144408723059554,0.018075627702793216
concise_k10,test,jaccard,9.0,0.3571982886751449,0.01810069759337424
concise_k10,test,jaccard,log_n_dx,-0.01652892057357511,0.006880919766869485
concise_k10,test,jaccard,n_med_gt,0.010260831913597874,0.0003795149362655527
concise_k10,test,jaccard,visit_index,-0.004083681394005496,0.0019928072604789423
concise_k10,test,f1,0.0,0.5099195640695676,0.018122137419977844
concise_k10,test,f1,1.0,0.5374280542928704,0.015249163407541925
concise_k10,test,f1,2.0,0.5104035664270772,0.018950348634334348
concise_k10,test,f1,3.0,0.5162504729782135,0.016529691288062774
concise_k10,test,f1,4.0,0.5132272721078025,0.018217468098008158
concise_k10,test,f1,5.0,0.5217280672200895,0.017919749312506845
concise_k10,test,f1,6.0,0.5735885423517696,0.01439130718178767
concise_k10,test,f1,7.0,0.5167802441042146,0.018099434719098927
concise_k10,test,f1,8.0,0.5700196351225587,0.016175075057198493
concise_k10,test,f1,9.0,0.5236246492434942,0.01690863669714285
concise_k10,test,f1,log_n_dx,-0.012592769760734784,0.006260520873818444
concise_k10,test,f1,n_med_gt,0.009157327163074611,0.0003534435653470095
concise_k10,test,f1,visit_index,-0.00271286748801595,0.001864091393724291
concise_k10,test,ddi_rate_visit,0.0,0.08575764879955067,0.004428360561979686
concise_k10,test,ddi_rate_visit,1.0,0.07855415657987937,0.003775942899468332
concise_k10,test,ddi_rate_visit,2.0,0.07358798863692877,0.0045365922140715095
concise_k10,test,ddi_rate_visit,3.0,0.08057965412930303,0.004043690724296087
concise_k10,test,ddi_rate_visit,4.0,0.08851245451785618,0.00426650150813196
concise_k10,test,ddi_rate_visit,5.0,0.054305081899789026,0.00469833091697181
concise_k10,test,ddi_rate_visit,6.0,0.05450928782157457,0.0029183878288150124
concise_k10,test,ddi_rate_visit,7.0,0.06975526986232268,0.004461512690913447
concise_k10,test,ddi_rate_visit,8.0,0.09266484052089069,0.003893685583522624
concise_k10,test,ddi_rate_visit,9.0,0.07068443623041505,0.004052581917732323
concise_k10,test,ddi_rate_visit,log_n_dx,5.080544590498183e-05,0.0015050913576495472
concise_k10,test,ddi_rate_visit,n_med_gt,-0.0002443744213695017,7.807921180632669e-05
concise_k10,test,ddi_rate_visit,visit_index,0.00033811815915155846,0.00037851509193197267
concise_k10,test+eval,jaccard,0.0,0.34058063376974745,0.014291658031064218
concise_k10,test+eval,jaccard,1.0,0.35448816532419325,0.012119359315657767
concise_k10,test+eval,jaccard,2.0,0.33939971400253727,0.014883806584608002
concise_k10,test+eval,jaccard,3.0,0.34756432646544116,0.012823669369926328
concise_k10,test+eval,jaccard,4.0,0.34347563659402225,0.01411013670362607
concise_k10,test+eval,jaccard,5.0,0.3523638611612978,0.014273513472673683
concise_k10,test+eval,jaccard,6.0,0.4110978237799529,0.011761389855270693
concise_k10,test+eval,jaccard,7.0,0.34794992543275827,0.013460809067370502
concise_k10,test+eval,jaccard,8.0,0.41369546774891364,0.01328466284244376
concise_k10,test+eval,jaccard,9.0,0.3601308922779889,0.012982415514547143
concise_k10,test+eval,jaccard,log_n_dx,-0.014267731549152857,0.004990573356399851
concise_k10,test+eval,jaccard,n_med_gt,0.010055674323966939,0.00027160844323140487
concise_k10,test+eval,jaccard,visit_index,-0.0004212765138684297,0.0020872338378443043
concise_k10,test+eval,f1,0.0,0.5105478982431296,0.01308670332576362
concise_k10,test+eval,f1,1.0,0.5220246094866626,0.01118896140266456
concise_k10,test+eval,f1,2.0,0.5082698181563653,0.013698711578531983
concise_k10,test+eval,f1,3.0,0.5148975544725216,0.01181670937899847
concise_k10,test+eval,f1,4.0,0.5106202530128178,0.01302500261825043
concise_k10,test+eval,f1,5.0,0.5174652851834507,0.013300053811616072
concise_k10,test+eval,f1,6.0,0.5733429734502697,0.010692065404813895
concise_k10,test+eval,f1,7.0,0.5166530836189499,0.012343139716891395
concise_k10,test+eval,f1,8.0,0.568799092019477,0.011830853581978298
concise_k10,test+eval,f1,9.0,0.526851605624545,0.01195372635243068
concise_k10,test+eval,f1,log_n_dx,-0.010190391519662032,0.004559196233630082
concise_k10,test+eval,f1,n_med_gt,0.008960303697784102,0.0002527494138978198
concise_k10,test+eval,f1,visit_index,6.079690314852313e-05,0.001813035680378564
concise_k10,test+eval,ddi_rate_visit,0.0,0.0870865918595915,0.0030963792337550286
concise_k10,test+eval,ddi_rate_visit,1.0,0.07978637020009414,0.0027098050911058373
concise_k10,test+eval,ddi_rate_visit,2.0,0.07381578207071031,0.003258830255995302
concise_k10,test+eval,ddi_rate_visit,3.0,0.08216351711741762,0.002913051700596133
concise_k10,test+eval,ddi_rate_visit,4.0,0.09084437191627133,0.003081694391536396
concise_k10,test+eval,ddi_rate_visit,5.0,0.05503330803569444,0.0032148870211373133
concise_k10,test+eval,ddi_rate_visit,6.0,0.057158173289904364,0.0023687947189717116
concise_k10,test+eval,ddi_rate_visit,7.0,0.07114290894519494,0.003127564220985859
concise_k10,test+eval,ddi_rate_visit,8.0,0.09338619091085498,0.002786808332544851
concise_k10,test+eval,ddi_rate_visit,9.0,0.06859787468288843,0.0029019237088146904
concise_k10,test+eval,ddi_rate_visit,log_n_dx,1.808834078192372e-05,0.0010997361885263929
concise_k10,test+eval,ddi_rate_visit,n_med_gt,-0.00025312551904145217,5.5533904286076824e-05
concise_k10,test+eval,ddi_rate_visit,visit_index,0.0006319009466122182,0.0004286863235568259
long_k25,test,jaccard,0.0,0.38307293824942334,0.025242421267363337
long_k25,test,jaccard,1.0,0.4136328316399158,0.019746465815845327
long_k25,test,jaccard,2.0,0.36299450499905106,0.02344142719708219
long_k25,test,jaccard,3.0,0.37061039746506097,0.022380007285323994
long_k25,test,jaccard,4.0,0.3567653605953893,0.022760216898854154
long_k25,test,jaccard,5.0,0.355538110152402,0.02511723846017074
long_k25,test,jaccard,6.0,0.36141263278689983,0.019846801596315206
long_k25,test,jaccard,7.0,0.4098133027127364,0.02362615381205083
long_k25,test,jaccard,8.0,0.36711888112166946,0.023131978769983658
long_k25,test,jaccard,9.0,0.37420217704956826,0.02337787776887948
long_k25,test,jaccard,10.0,0.37614235687006037,0.020351926727613268
long_k25,test,jaccard,11.0,0.36630728713342364,0.023963565778206693
long_k25,test,jaccard,12.0,0.3344513485487539,0.02327719288487239
long_k25,test,jaccard,13.0,0.3673072676332687,0.020576400094483128
long_k25,test,jaccard,14.0,0.3963921102524566,0.022865022541434903
long_k25,test,jaccard,15.0,0.37925918011038107,0.023075307052524953
long_k25,test,jaccard,16.0,0.39007027336069733,0.02097444307647411
long_k25,test,jaccard,17.0,0.43302879902615743,0.022346327519755117
long_k25,test,jaccard,18.0,0.4069721308395984,0.023772946751490644
long_k25,test,jaccard,19.0,0.3627654475057227,0.023125508491493273
long_k25,test,jaccard,20.0,0.3616188566298284,0.02307791764897991
long_k25,test,jaccard,21.0,0.35592876551954333,0.024635385110640985
long_k25,test,jaccard,22.0,0.31052931284764007,0.02627048685181283
long_k25,test,jaccard,23.0,0.37629489451590636,0.022675376667777324
long_k25,test,jaccard,24.0,0.4170122835210428,0.02631413716812722
long_k25,test,jaccard,log_n_dx,-0.02334655714150813,0.00780286508667054
long_k25,test,jaccard,n_med_gt,0.010312717285229117,0.00037740079777482695
long_k25,test,jaccard,visit_index,-0.003980414090641232,0.0021666957131398355
long_k25,test,f1,0.0,0.5489633284040991,0.02266984216253052
long_k25,test,f1,1.0,0.5732808072224884,0.017202160276325214
long_k25,test,f1,2.0,0.5275182618486447,0.021310413649497675
long_k25,test,f1,3.0,0.5335241288060857,0.020875465052831207
long_k25,test,f1,4.0,0.5227945220017673,0.02081546376098058
long_k25,test,f1,5.0,0.5185315466178473,0.02289416078253925
long_k25,test,f1,6.0,0.530126175612466,0.017990415288657108
long_k25,test,f1,7.0,0.5677535304950645,0.02117434362271662
long_k25,test,f1,8.0,0.5240604993884261,0.022217834117125655
long_k25,test,f1,9.0,0.5363447357173392,0.02049377714321156
long_k25,test,f1,10.0,0.541143370473673,0.018586523613905455
long_k25,test,f1,11.0,0.5264754252441257,0.021851636005096074
long_k25,test,f1,12.0,0.4991467329529229,0.0222021829581116
long_k25,test,f1,13.0,0.5333964554159287,0.018959443043862358
long_k25,test,f1,14.0,0.5556396871216513,0.020683666442291977
long_k25,test,f1,15.0,0.5409273404306916,0.020943062936637905
long_k25,test,f1,16.0,0.5515222083192022,0.01882477533625947
long_k25,test,f1,17.0,0.5886731894005806,0.019528218923657012
long_k25,test,f1,18.0,0.5619085496680682,0.021204657905795
long_k25,test,f1,19.0,0.5293421573161581,0.020949285242954956
long_k25,test,f1,20.0,0.5249887817439927,0.02106850874860558
long_k25,test,f1,21.0,0.5202138071847742,0.02236575536610229
long_k25,test,f1,22.0,0.4797729093372425,0.024623507250075977
long_k25,test,f1,23.0,0.5404116297161998,0.020545662291539375
long_k25,test,f1,24.0,0.5789684462348745,0.02241346126981549
long_k25,test,f1,log_n_dx,-0.017795649800547153,0.007066687373766707
long_k25,test,f1,n_med_gt,0.009205064025343601,0.00035058950882399883
long_k25,test,f1,visit_index,-0.0025474906338071313,0.002035457111183151
long_k25,test,ddi_rate_visit,0.0,0.08346590976276547,0.005190776301597601
long_k25,test,ddi_rate_visit,1.0,0.07646903939070393,0.004961054393725628
long_k25,test,ddi_rate_visit,2.0,0.07152829210797629,0.005152525349825321
long_k25,test,ddi_rate_visit,3.0,0.04935817194968051,0.005630072435545018
long_k25,test,ddi_rate_visit,4.0,0.09201695663702969,0.0050182498938420445
long_k25,test,ddi_rate_visit,5.0,0.07229313293995521,0.005585306036768957
long_k25,test,ddi_rate_visit,6.0,0.07819300097425463,0.0050746444174071806
long_k25,test,ddi_rate_visit,7.0,0.06332081282787705,0.004841076557521636
long_k25,test,ddi_rate_visit,8.0,0.07362848607503292,0.00541092636343657
long_k25,test,ddi_rate_visit,9.0,0.09748133677322701,0.005036804591680632
long_k25,test,ddi_rate_visit,10.0,0.05960705789909415,0.0052836328305808965
long_k25,test,ddi_rate_visit,11.0,0.08735678715181017,0.004913272414495207
long_k25,test,ddi_rate_visit,12.0,0.08132246598388182,0.0053596406877903496
long_k25,test,ddi_rate_visit,13.0,0.07036690587637784,0.004686519942303621
long_k25,test,ddi_rate_visit,14.0,0.06885050724945518,0.005045007656986951
long_k25,test,ddi_rate_visit,15.0,0.08675947177774557,0.005194411713441264
long_k25,test,ddi_rate_visit,16.0,0.07045860069469367,0.004719361939973853
long_k25,test,ddi_rate_visit,17.0,0.09331563926516928,0.005095043826431711
long_k25,test,ddi_rate_visit,18.0,0.08824265290543787,0.005149328669862834
long_k25,test,ddi_rate_visit,19.0,0.07152954373411857,0.005539023023480173
long_k25,test,ddi_rate_visit,20.0,0.07633012968241104,0.0051904496201293565
long_k25,test,ddi_rate_visit,21.0,0.0822395543673271,0.005542607303762341
long_k25,test,ddi_rate_visit,22.0,0.07015090543048386,0.006586251851651078
long_k25,test,ddi_rate_visit,23.0,0.07177086677166677,0.00519021814481399
long_k25,test,ddi_rate_visit,24.0,0.0606347119278281,0.0041933965317466435
long_k25,test,ddi_rate_visit,log_n_dx,0.00044558428894903024,0.0016999571858933168
long_k25,test,ddi_rate_visit,n_med_gt,-0.000277536008706232,7.813536779572272e-05
long_k25,test,ddi_rate_visit,visit_index,0.0005007802496738087,0.00038851209949120833
long_k25,test+eval,jaccard,0.0,0.37678568376362875,0.020780133198656132
long_k25,test+eval,jaccard,1.0,0.3908249398721395,0.014091237806217132
long_k25,test+eval,jaccard,2.0,0.3474694043393498,0.016988844268594937
long_k25,test+eval,jaccard,3.0,0.3604657725259095,0.01744895410023352
long_k25,test+eval,jaccard,4.0,0.3379206823365486,0.016086578987663566
long_k25,test+eval,jaccard,5.0,0.3356111520369325,0.018269264293547798
long_k25,test+eval,jaccard,6.0,0.33661093705297596,0.015503364705682976
long_k25,test+eval,jaccard,7.0,0.4110312547749988,0.017756818921715732
long_k25,test+eval,jaccard,8.0,0.35851946021358216,0.015414269966568986
long_k25,test+eval,jaccard,9.0,0.3806759834523703,0.01801312828363049
long_k25,test+eval,jaccard,10.0,0.37509917593441067,0.01501995566563716
long_k25,test+eval,jaccard,11.0,0.34469823383863485,0.016765767168860215
long_k25,test+eval,jaccard,12.0,0.3221001459731312,0.016642036696296117
long_k25,test+eval,jaccard,13.0,0.3458176832300328,0.015236807456271127
long_k25,test+eval,jaccard,14.0,0.3687052175953909,0.016038094602415752
long_k25,test+eval,jaccard,15.0,0.3617314532214806,0.016602970809145735
long_k25,test+eval,jaccard,16.0,0.37302208209697696,0.015042243824312287
long_k25,test+eval,jaccard,17.0,0.4144929442557945,0.016796859727949812
long_k25,test+eval,jaccard,18.0,0.3844412710909566,0.01719563139953435
long_k25,test+eval,jaccard,19.0,0.3549024090526274,0.016885272252573344
long_k25,test+eval,jaccard,20.0,0.345116185216515,0.016777159701040784
long_k25,test+eval,jaccard,21.0,0.33894483972090583,0.01789485086763825
long_k25,test+eval,jaccard,22.0,0.3158130168122,0.018638663428434895
long_k25,test+eval,jaccard,23.0,0.35112581615575245,0.015785440420895108
long_k25,test+eval,jaccard,24.0,0.43183381681382027,0.0180722383534525
long_k25,test+eval,jaccard,log_n_dx,-0.015687140546805978,0.005708229385503248
long_k25,test+eval,jaccard,n_med_gt,0.010101380777046143,0.00027018989387062633
long_k25,test+eval,jaccard,visit_index,-0.00047331771622605157,0.0021335435284830636
long_k25,test+eval,f1,0.0,0.5394761762688773,0.01874099780558036
long_k25,test+eval,f1,1.0,0.553271101432502,0.012398031184706292
long_k25,test+eval,f1,2.0,0.5124434028419955,0.015545241865455176
long_k25,test+eval,f1,3.0,0.5243766528402318,0.01601868997069458
long_k25,test+eval,f1,4.0,0.50584577770735,0.014740214702641544
long_k25,test+eval,f1,5.0,0.5009557820082691,0.016712768320976075
long_k25,test+eval,f1,6.0,0.5044357003440041,0.014420809477671978
long_k25,test+eval,f1,7.0,0.568982890659953,0.01579757202700906
long_k25,test+eval,f1,8.0,0.5195274875435807,0.01469160396443966
long_k25,test+eval,f1,9.0,0.5398065892278225,0.01568220775570436
long_k25,test+eval,f1,10.0,0.5419124971752574,0.013558554670383575
long_k25,test+eval,f1,11.0,0.5094759702781886,0.015391345206892965
long_k25,test+eval,f1,12.0,0.48958415828751,0.015592608693222588
long_k25,test+eval,f1,13.0,0.5126878869619595,0.014214464946678248
long_k25,test+eval,f1,14.0,0.5317699508834508,0.014679525530656407
long_k25,test+eval,f1,15.0,0.5245068027369015,0.015125631122234466
long_k25,test+eval,f1,16.0,0.5372681416980072,0.013594446274284326
long_k25,test+eval,f1,17.0,0.5709783269447577,0.01483623536665972
long_k25,test+eval,f1,18.0,0.5417122183070759,0.01543629194849717
long_k25,test+eval,f1,19.0,0.5218728805403963,0.015268904672203801
long_k25,test+eval,f1,20.0,0.511062185042821,0.015362803215766151
long_k25,test+eval,f1,21.0,0.5057505772567836,0.016359213767126353
long_k25,test+eval,f1,22.0,0.4860671577010791,0.017381277172106902
long_k25,test+eval,f1,23.0,0.5187191815645598,0.014335190604035007
long_k25,test+eval,f1,24.0,0.5911850090462938,0.015583653203077169
long_k25,test+eval,f1,log_n_dx,-0.010785686317042575,0.005188968492629429
long_k25,test+eval,f1,n_med_gt,0.009013957678138562,0.00025131925821471476
long_k25,test+eval,f1,visit_index,3.6297034977123e-05,0.0018579345991957053
long_k25,test+eval,ddi_rate_visit,0.0,0.08751349479664228,0.003929087864505315
long_k25,test+eval,ddi_rate_visit,1.0,0.07652363205862023,0.003252284336419767
long_k25,test+eval,ddi_rate_visit,2.0,0.07145035331359262,0.0037270255235449024
long_k25,test+eval,ddi_rate_visit,3.0,0.05184055401477217,0.0037467228530691397
long_k25,test+eval,ddi_rate_visit,4.0,0.09468865464947118,0.0035073489665239745
long_k25,test+eval,ddi_rate_visit,5.0,0.07304280591265133,0.003972670147254776
long_k25,test+eval,ddi_rate_visit,6.0,0.08406861290315737,0.0035592677341075977
long_k25,test+eval,ddi_rate_visit,7.0,0.061104264397461305,0.003343358527674135
long_k25,test+eval,ddi_rate_visit,8.0,0.07055602814527995,0.0037164920767422736
long_k25,test+eval,ddi_rate_visit,9.0,0.0947359541971109,0.003717720713429908
long_k25,test+eval,ddi_rate_visit,10.0,0.06189563307775692,0.0034706733169576984
long_k25,test+eval,ddi_rate_visit,11.0,0.09281241232736992,0.0035302113277654546
long_k25,test+eval,ddi_rate_visit,12.0,0.0817851455153864,0.003794771141846758
long_k25,test+eval,ddi_rate_visit,13.0,0.07332524517416816,0.003460524513837467
long_k25,test+eval,ddi_rate_visit,14.0,0.0718949240880784,0.0036358457019782108
long_k25,test+eval,ddi_rate_visit,15.0,0.09072656326255446,0.00370722854223448
long_k25,test+eval,ddi_rate_visit,16.0,0.07189118538726413,0.0035593994824838957
long_k25,test+eval,ddi_rate_visit,17.0,0.09649783698128767,0.0036847428808122365
long_k25,test+eval,ddi_rate_visit,18.0,0.08725158748960826,0.0036704180490194365
long_k25,test+eval,ddi_rate_visit,19.0,0.07359823061545034,0.004229896899415865
long_k25,test+eval,ddi_rate_visit,20.0,0.0767076450118811,0.003705159556913471
long_k25,test+eval,ddi_rate_visit,21.0,0.08542356879514434,0.003926220069923175
long_k25,test+eval,ddi_rate_visit,22.0,0.07313526621015898,0.005210283906736719
long_k25,test+eval,ddi_rate_visit,23.0,0.07376038983594313,0.0035532321552853023
long_k25,test+eval,ddi_rate_visit,24.0,0.06133568825906022,0.003623259573476986
long_k25,test+eval,ddi_rate_visit,log_n_dx,-0.0001877684254802947,0.001255232749819207
long_k25,test+eval,ddi_rate_visit,n_med_gt,-0.00025801461160738365,5.5465707296029395e-05
long_k25,test+eval,ddi_rate_visit,visit_index,0.0007868166753006132,0.00046762842469259114
ccs_group,test,jaccard,2ndary malig,0.43689628599406877,0.019410954704305754
ccs_group,test,jaccard,Ac renl fail,0.39822729168875437,0.024053818530050758
ccs_group,test,jaccard,Acute CVD,0.4311440462333598,0.01760835285842425
ccs_group,test,jaccard,Acute MI,0.4362475203210784,0.01983054358583868
ccs_group,test,jaccard,Adlt resp fl,0.40597650832890386,0.018304157274759612
ccs_group,test,jaccard,Alcohol-related disorders,0.4545788290900208,0.018453084463187948
ccs_group,test,jaccard,Aneurysm,0.4425722524729735,0.022309084224511975
ccs_group,test,jaccard,Asp pneumon,0.4069403575569189,0.020325588263268895
ccs_group,test,jaccard,Complic devi,0.4037544086686809,0.018219881816974214
ccs_group,test,jaccard,Complic proc,0.4022336766373579,0.016212309969617214
ccs_group,test,jaccard,Coron athero,0.5035102811465426,0.01863665580372558
ccs_group,test,jaccard,DiabMel w/cm,0.4312650082450435,0.018696974843780707
ccs_group,test,jaccard,Dysrhythmia,0.39813218029721836,0.01742333601132882
ccs_group,test,jaccard,GI hemorrhag,0.40227767387526375,0.017055071442247945
ccs_group,test,jaccard,Hrt valve dx,0.47439357413344735,0.021662592426861478
ccs_group,test,jaccard,Intracrn inj,0.430826425649326,0.02034287908078387
ccs_group,test,jaccard,Oth liver dx,0.3890125418824934,0.020452207550640557
ccs_group,test,jaccard,Pneumonia,0.3960904061031656,0.0170563275002541
ccs_group,test,jaccard,Septicemia,0.43188189415161127,0.016199022447164656
ccs_group,test,jaccard,chf;nonhp,0.3947803396975387,0.01762562872891317
ccs_group,test,jaccard,기타(소규모),0.4036844233022173,0.013721748763679542
ccs_group,test,jaccard,미지정/매핑불가,0.4245558647759004,0.02476322823692204
ccs_group,test,jaccard,log_n_dx,-0.03428146581692442,0.005629894814121992
ccs_group,test,jaccard,n_med_gt,0.00959530371850212,0.00039102398592446327
ccs_group,test,jaccard,visit_index,-0.0036145503020974168,0.002083385071969338
ccs_group,test,f1,2ndary malig,0.5971537991113597,0.016981978217151916
ccs_group,test,f1,Ac renl fail,0.5641899649901595,0.021537776799637268
ccs_group,test,f1,Acute CVD,0.5898821024512476,0.015849536518692458
ccs_group,test,f1,Acute MI,0.5943150436960828,0.017399278164641815
ccs_group,test,f1,Adlt resp fl,0.5692867039705879,0.016467562057048333
ccs_group,test,f1,Alcohol-related disorders,0.6139729174156603,0.01635935017147397
ccs_group,test,f1,Aneurysm,0.5948093217721487,0.019371985844824854
ccs_group,test,f1,Asp pneumon,0.5709363509828949,0.018181509723493063
ccs_group,test,f1,Complic devi,0.5660705683389764,0.0164128801633612
ccs_group,test,f1,Complic proc,0.5656466356985479,0.014641964053024132
ccs_group,test,f1,Coron athero,0.6396531251065383,0.015878193779486176
ccs_group,test,f1,DiabMel w/cm,0.5938741320921898,0.016510608853889466
ccs_group,test,f1,Dysrhythmia,0.5631252963130661,0.015846428794680373
ccs_group,test,f1,GI hemorrhag,0.563844073770379,0.016261829999782738
ccs_group,test,f1,Hrt valve dx,0.6154302642846112,0.018480657212620367
ccs_group,test,f1,Intracrn inj,0.5908235269231591,0.01814138259340367
ccs_group,test,f1,Oth liver dx,0.5501020465090518,0.01826897067864002
ccs_group,test,f1,Pneumonia,0.5616449903977998,0.015491667984885998
ccs_group,test,f1,Septicemia,0.5922062212612736,0.014482802076540473
ccs_group,test,f1,chf;nonhp,0.5593256411291925,0.015646829351375798
ccs_group,test,f1,기타(소규모),0.5657166398326386,0.012417714611773984
ccs_group,test,f1,미지정/매핑불가,0.586956538917925,0.022076054903175654
ccs_group,test,f1,log_n_dx,-0.02964232056653206,0.005070918235724628
ccs_group,test,f1,n_med_gt,0.008721426735206171,0.0003700483640567427
ccs_group,test,f1,visit_index,-0.002370117128836508,0.0019519794562123274
ccs_group,test,ddi_rate_visit,2ndary malig,0.0635624042875051,0.003923544117806475
ccs_group,test,ddi_rate_visit,Ac renl fail,0.06593568383507815,0.0064800664930325285
ccs_group,test,ddi_rate_visit,Acute CVD,0.062817061725307,0.0037670218984473397
ccs_group,test,ddi_rate_visit,Acute MI,0.08067782153468198,0.004361705889469758
ccs_group,test,ddi_rate_visit,Adlt resp fl,0.08352154058591503,0.004766700418911607
ccs_group,test,ddi_rate_visit,Alcohol-related disorders,0.0593180095152536,0.005833235745271765
ccs_group,test,ddi_rate_visit,Aneurysm,0.07222710672825505,0.004367425777844502
ccs_group,test,ddi_rate_visit,Asp pneumon,0.07465986499510543,0.004449639564600773
ccs_group,test,ddi_rate_visit,Complic devi,0.06257913430427434,0.004116200519498864
ccs_group,test,ddi_rate_visit,Complic proc,0.06599158842495229,0.0038543506816917945
ccs_group,test,ddi_rate_visit,Coron athero,0.07339803637993722,0.004079066471229471
ccs_group,test,ddi_rate_visit,DiabMel w/cm,0.07321244444988044,0.00464491762176232
ccs_group,test,ddi_rate_visit,Dysrhythmia,0.08069627120440367,0.005468218881313546
ccs_group,test,ddi_rate_visit,GI hemorrhag,0.06404833208279985,0.004809026394144056
ccs_group,test,ddi_rate_visit,Hrt valve dx,0.0719703816540158,0.003938991096188406
ccs_group,test,ddi_rate_visit,Intracrn inj,0.05587249078323857,0.004520569979965933
ccs_group,test,ddi_rate_visit,Oth liver dx,0.04163784138567923,0.005537389344727395
ccs_group,test,ddi_rate_visit,Pneumonia,0.07468542738703293,0.004067073985320336
ccs_group,test,ddi_rate_visit,Septicemia,0.061434310988802907,0.0037288179061811433
ccs_group,test,ddi_rate_visit,chf;nonhp,0.07890511016169645,0.003916167739613083
ccs_group,test,ddi_rate_visit,기타(소규모),0.06796023667232336,0.0032721099049867345
ccs_group,test,ddi_rate_visit,미지정/매핑불가,0.07654840494773535,0.009293295461543397
ccs_group,test,ddi_rate_visit,log_n_dx,0.0037688233090127036,0.0013005519001187064
ccs_group,test,ddi_rate_visit,n_med_gt,-0.00028431574930504666,8.583418752607516e-05
ccs_group,test,ddi_rate_visit,visit_index,0.0004516763406375368,0.0003816474285357092
ccs_group,test+eval,jaccard,2ndary malig,0.43582846191773417,0.013736046118026595
ccs_group,test+eval,jaccard,Ac renl fail,0.3958497847639963,0.014090897843785031
ccs_group,test+eval,jaccard,Acute CVD,0.42053149653056265,0.01200795886313689
ccs_group,test+eval,jaccard,Acute MI,0.4312312350766291,0.013497831645550632
ccs_group,test+eval,jaccard,Adlt resp fl,0.3937330372790245,0.012220616309563948
ccs_group,test+eval,jaccard,Alcohol-related disorders,0.4346917784348983,0.014005471898955069
ccs_group,test+eval,jaccard,Aneurysm,0.4132951281014394,0.014802440504106132
ccs_group,test+eval,jaccard,Asp pneumon,0.4033378431603916,0.015524594410885424
ccs_group,test+eval,jaccard,Complic devi,0.3946348339004958,0.012988132906521725
ccs_group,test+eval,jaccard,Complic proc,0.39517334007443106,0.011785086888421026
ccs_group,test+eval,jaccard,Coron athero,0.4944377294566626,0.013682637049927117
ccs_group,test+eval,jaccard,DiabMel w/cm,0.4253970027481379,0.016226495252313344
ccs_group,test+eval,jaccard,Dysrhythmia,0.3745037990938921,0.01439220117559257
ccs_group,test+eval,jaccard,GI hemorrhag,0.3957195450071437,0.012962605888224541
ccs_group,test+eval,jaccard,Hrt valve dx,0.48646140856355025,0.014935523542832951
ccs_group,test+eval,jaccard,Intracrn inj,0.4261150790925731,0.014500288933998023
ccs_group,test+eval,jaccard,Oth liver dx,0.3996540646700959,0.015127530271748553
ccs_group,test+eval,jaccard,Pneumonia,0.3860497044097541,0.013127072032342852
ccs_group,test+eval,jaccard,Septicemia,0.419947174131518,0.011458668132278348
ccs_group,test+eval,jaccard,chf;nonhp,0.374795823604875,0.012461200699203971
ccs_group,test+eval,jaccard,기타(소규모),0.3948037655942527,0.009867118364393343
ccs_group,test+eval,jaccard,미지정/매핑불가,0.40164546015962593,0.020225166893880417
ccs_group,test+eval,jaccard,log_n_dx,-0.0292479305416062,0.004073893746609074
ccs_group,test+eval,jaccard,n_med_gt,0.009383426670967858,0.00027799922971989086
ccs_group,test+eval,jaccard,visit_index,-0.00018417993518565876,0.0020005558208481154
ccs_group,test+eval,f1,2ndary malig,0.5954906204373716,0.012057357633407971
ccs_group,test+eval,f1,Ac renl fail,0.5629683519912283,0.012841577163288593
ccs_group,test+eval,f1,Acute CVD,0.5804560357357145,0.011133867914233257
ccs_group,test+eval,f1,Acute MI,0.5891198344894734,0.01182337716519053
ccs_group,test+eval,f1,Adlt resp fl,0.5589598296757191,0.011030132694333006
ccs_group,test+eval,f1,Alcohol-related disorders,0.5955643725593265,0.012405625913152432
ccs_group,test+eval,f1,Aneurysm,0.5716696170230002,0.012852777719195171
ccs_group,test+eval,f1,Asp pneumon,0.5673685035819537,0.013784432244963857
ccs_group,test+eval,f1,Complic devi,0.5578196418825251,0.01168259403469995
ccs_group,test+eval,f1,Complic proc,0.5577728474799585,0.01069654426418478
ccs_group,test+eval,f1,Coron athero,0.6322870088423498,0.01159451381244662
ccs_group,test+eval,f1,DiabMel w/cm,0.5880434754287902,0.014032857126167612
ccs_group,test+eval,f1,Dysrhythmia,0.5398780024243587,0.013361884112750608
ccs_group,test+eval,f1,GI hemorrhag,0.5578565161476959,0.012249088837035297
ccs_group,test+eval,f1,Hrt valve dx,0.6234545224321376,0.012670495064085907
ccs_group,test+eval,f1,Intracrn inj,0.5866482768247716,0.013027875183118823
ccs_group,test+eval,f1,Oth liver dx,0.5600224575126783,0.013484880008242361
ccs_group,test+eval,f1,Pneumonia,0.5520783780094987,0.011793093653369858
ccs_group,test+eval,f1,Septicemia,0.5811336875413655,0.010292877185006225
ccs_group,test+eval,f1,chf;nonhp,0.5415951520737078,0.011181190317186696
ccs_group,test+eval,f1,기타(소규모),0.5580891647915596,0.008975020097167155
ccs_group,test+eval,f1,미지정/매핑불가,0.5656640623532561,0.018437511366702155
ccs_group,test+eval,f1,log_n_dx,-0.02481224284493305,0.003691911869798958
ccs_group,test+eval,f1,n_med_gt,0.008511717084546719,0.0002636903557512546
ccs_group,test+eval,f1,visit_index,0.00018344149550290095,0.001738915668260662
ccs_group,test+eval,ddi_rate_visit,2ndary malig,0.060728299874174066,0.0029274839845066128
ccs_group,test+eval,ddi_rate_visit,Ac renl fail,0.06789531737883417,0.004428010917157476
ccs_group,test+eval,ddi_rate_visit,Acute CVD,0.06486663195792552,0.00288538912473908
ccs_group,test+eval,ddi_rate_visit,Acute MI,0.08572303722842246,0.0029709234524056554
ccs_group,test+eval,ddi_rate_visit,Adlt resp fl,0.0824897537214839,0.0031744580949344316
ccs_group,test+eval,ddi_rate_visit,Alcohol-related disorders,0.061503552623388434,0.0038690991957791945
ccs_group,test+eval,ddi_rate_visit,Aneurysm,0.07656095147756856,0.0031211842915007328
ccs_group,test+eval,ddi_rate_visit,Asp pneumon,0.07380173282467259,0.0033301618728391377
ccs_group,test+eval,ddi_rate_visit,Complic devi,0.06569545161145542,0.0030154409942943433
ccs_group,test+eval,ddi_rate_visit,Complic proc,0.06666750316534571,0.002881702615488691
ccs_group,test+eval,ddi_rate_visit,Coron athero,0.07691051118420403,0.0029787981871244114
ccs_group,test+eval,ddi_rate_visit,DiabMel w/cm,0.07782683693417863,0.0032097579033083454
ccs_group,test+eval,ddi_rate_visit,Dysrhythmia,0.08568227879794806,0.003621682260924229
ccs_group,test+eval,ddi_rate_visit,GI hemorrhag,0.06532076835720757,0.0035973975198380906
ccs_group,test+eval,ddi_rate_visit,Hrt valve dx,0.07174587206000668,0.002844920694319684
ccs_group,test+eval,ddi_rate_visit,Intracrn inj,0.055295671842479625,0.003062236249728648
ccs_group,test+eval,ddi_rate_visit,Oth liver dx,0.04523431532566453,0.0037328116033680555
ccs_group,test+eval,ddi_rate_visit,Pneumonia,0.07743662197124997,0.002995576344578858
ccs_group,test+eval,ddi_rate_visit,Septicemia,0.06381432732330965,0.0026678631123919047
ccs_group,test+eval,ddi_rate_visit,chf;nonhp,0.08060756584642045,0.002876207744671144
ccs_group,test+eval,ddi_rate_visit,기타(소규모),0.06840789273152433,0.0023750100687635126
ccs_group,test+eval,ddi_rate_visit,미지정/매핑불가,0.07279165732044779,0.006385632213189713
ccs_group,test+eval,ddi_rate_visit,log_n_dx,0.0037699870807029272,0.0009628285339060424
ccs_group,test+eval,ddi_rate_visit,n_med_gt,-0.0003096976091457069,6.140788174913285e-05
ccs_group,test+eval,ddi_rate_visit,visit_index,0.0004680530378521849,0.00041542127839456735
