variant,n_pairs,n_missed,miss_rate,atc_a,atc_b
W,884,189,0.21380090497737556,A01A,C10A
W,289,289,1.0,A01A,D07A
W,114,88,0.7719298245614035,A01A,J01F
W,105,65,0.6190476190476191,A01A,M01A
W,543,179,0.3296500920810313,A01A,N03A
W,765,176,0.23006535947712417,A01A,R03A
W,344,169,0.49127906976744184,A02B,A07E
W,132,90,0.6818181818181818,A02B,M01A
W,649,361,0.5562403697996918,A02B,N05B
W,775,204,0.2632258064516129,A02B,N06A
W,354,177,0.5,A06A,A07E
W,329,329,1.0,A06A,D07A
W,817,211,0.2582619339045288,A06A,N06A
W,696,220,0.3160919540229885,A06A,R01A
W,69,27,0.391304347826087,A07E,J05A
W,346,168,0.48554913294797686,B01A,A07E
W,356,149,0.41853932584269665,B01A,C01D
W,490,242,0.49387755102040815,B01A,C09A
W,912,206,0.22587719298245615,B01A,C10A
W,314,314,1.0,B01A,D07A
W,661,253,0.3827534039334342,B01A,N05C
W,658,198,0.3009118541033435,B01A,R01A
W,176,95,0.5397727272727273,B03B,N05B
W,339,172,0.5073746312684366,C03C,C09A
W,661,162,0.24508320726172467,C03C,C10A
W,318,105,0.330188679245283,C07A,A03F
W,250,137,0.548,C07A,A07E
W,921,96,0.10423452768729642,C07A,A12B
W,460,205,0.44565217391304346,C07A,C09A
W,812,140,0.1724137931034483,C07A,C10A
W,717,135,0.18828451882845187,C07A,J01D
W,589,195,0.3310696095076401,C07A,N06A
W,504,183,0.3630952380952381,C07A,R01A
W,432,160,0.37037037037037035,C10A,C01B
W,332,120,0.3614457831325301,C10A,C01D
W,352,140,0.3977272727272727,C10A,C09A
W,365,213,0.5835616438356165,C10A,N05C
W,59,26,0.4406779661016949,D01A,J05A
W,181,181,1.0,D07A,R01A
W,106,68,0.6415094339622641,M01A,C07A
W,86,48,0.5581395348837209,M01A,N01A
W,241,138,0.5726141078838174,N02A,A07E
W,1215,128,0.10534979423868313,N02A,B01A
W,331,191,0.5770392749244713,N02A,C09A
W,465,178,0.3827956989247312,N02A,N03A
W,510,301,0.5901960784313726,N02A,N05B
W,900,211,0.23444444444444446,N02B,C10A
W,136,94,0.6911764705882353,N02B,M01A
W,144,90,0.625,N05C,A07E
W,145,107,0.7379310344827587,N05C,B03B
W,199,156,0.7839195979899497,N05C,C09A
W,308,111,0.36038961038961037,N05C,R01A
W,780,193,0.24743589743589745,N06A,B01A
W,448,196,0.4375,N06A,C10A
W,374,183,0.4893048128342246,N06A,N05C
W,334,120,0.3592814371257485,N06A,R01A
W,238,238,1.0,R03A,D07A
W,216,137,0.6342592592592593,R03A,J01C
W,636,182,0.2861635220125786,R03A,R01A
W2,884,244,0.27601809954751133,A01A,C10A
W2,289,289,1.0,A01A,D07A
W2,114,99,0.868421052631579,A01A,J01F
W2,105,104,0.9904761904761905,A01A,M01A
W2,543,245,0.45119705340699817,A01A,N03A
W2,765,177,0.23137254901960785,A01A,R03A
W2,344,227,0.6598837209302325,A02B,A07E
W2,132,131,0.9924242424242424,A02B,M01A
W2,649,444,0.6841294298921418,A02B,N05B
W2,775,419,0.5406451612903226,A02B,N06A
W2,354,239,0.6751412429378532,A06A,A07E
W2,329,329,1.0,A06A,D07A
W2,817,440,0.5385556915544676,A06A,N06A
W2,696,255,0.36637931034482757,A06A,R01A
W2,69,32,0.463768115942029,A07E,J05A
W2,346,229,0.661849710982659,B01A,A07E
W2,356,346,0.9719101123595506,B01A,C01D
W2,490,421,0.8591836734693877,B01A,C09A
W2,912,271,0.29714912280701755,B01A,C10A
W2,314,314,1.0,B01A,D07A
W2,661,288,0.4357034795763994,B01A,N05C
W2,658,230,0.3495440729483283,B01A,R01A
W2,176,123,0.6988636363636364,B03B,N05B
W2,339,302,0.8908554572271387,C03C,C09A
W2,661,227,0.3434190620272315,C03C,C10A
W2,318,134,0.42138364779874216,C07A,A03F
W2,250,208,0.832,C07A,A07E
W2,921,139,0.15092290988056462,C07A,A12B
W2,460,388,0.8434782608695652,C07A,C09A
W2,812,201,0.24753694581280788,C07A,C10A
W2,717,210,0.2928870292887029,C07A,J01D
W2,589,387,0.6570458404074703,C07A,N06A
W2,504,242,0.4801587301587302,C07A,R01A
W2,432,225,0.5208333333333334,C10A,C01B
W2,332,323,0.9728915662650602,C10A,C01D
W2,352,291,0.8267045454545454,C10A,C09A
W2,365,251,0.6876712328767123,C10A,N05C
W2,59,30,0.5084745762711864,D01A,J05A
W2,181,181,1.0,D07A,R01A
W2,106,105,0.9905660377358491,M01A,C07A
W2,86,85,0.9883720930232558,M01A,N01A
W2,241,176,0.7302904564315352,N02A,A07E
W2,1215,126,0.1037037037037037,N02A,B01A
W2,331,306,0.9244712990936556,N02A,C09A
W2,465,232,0.4989247311827957,N02A,N03A
W2,510,361,0.707843137254902,N02A,N05B
W2,900,275,0.3055555555555556,N02B,C10A
W2,136,135,0.9926470588235294,N02B,M01A
W2,144,118,0.8194444444444444,N05C,A07E
W2,145,126,0.8689655172413793,N05C,B03B
W2,199,193,0.9698492462311558,N05C,C09A
W2,308,129,0.41883116883116883,N05C,R01A
W2,780,415,0.532051282051282,N06A,B01A
W2,448,308,0.6875,N06A,C10A
W2,374,293,0.7834224598930482,N06A,N05C
W2,334,224,0.6706586826347305,N06A,R01A
W2,238,238,1.0,R03A,D07A
W2,216,151,0.6990740740740741,R03A,J01C
W2,636,215,0.3380503144654088,R03A,R01A
baseline,884,192,0.2171945701357466,A01A,C10A
baseline,289,243,0.8408304498269896,A01A,D07A
baseline,114,113,0.9912280701754386,A01A,J01F
baseline,105,91,0.8666666666666667,A01A,M01A
baseline,543,258,0.47513812154696133,A01A,N03A
baseline,765,199,0.2601307189542484,A01A,R03A
baseline,344,225,0.6540697674418605,A02B,A07E
baseline,132,117,0.8863636363636364,A02B,M01A
baseline,649,432,0.6656394453004623,A02B,N05B
baseline,775,397,0.512258064516129,A02B,N06A
baseline,354,234,0.6610169491525424,A06A,A07E
baseline,329,271,0.8237082066869301,A06A,D07A
baseline,817,416,0.5091799265605875,A06A,N06A
baseline,696,265,0.3807471264367816,A06A,R01A
baseline,69,32,0.463768115942029,A07E,J05A
baseline,346,227,0.6560693641618497,B01A,A07E
baseline,356,349,0.9803370786516854,B01A,C01D
baseline,490,390,0.7959183673469388,B01A,C09A
baseline,912,214,0.23464912280701755,B01A,C10A
baseline,314,260,0.8280254777070064,B01A,D07A
baseline,661,264,0.39939485627836613,B01A,N05C
baseline,658,240,0.364741641337386,B01A,R01A
baseline,176,120,0.6818181818181818,B03B,N05B
baseline,339,277,0.8171091445427728,C03C,C09A
baseline,661,172,0.26021180030257185,C03C,C10A
baseline,318,129,0.4056603773584906,C07A,A03F
baseline,250,190,0.76,C07A,A07E
baseline,921,118,0.1281216069489685,C07A,A12B
baseline,460,358,0.7782608695652173,C07A,C09A
baseline,812,136,0.16748768472906403,C07A,C10A
baseline,717,201,0.2803347280334728,C07A,J01D
baseline,589,383,0.6502546689303905,C07A,N06A
baseline,504,231,0.4583333333333333,C07A,R01A
baseline,432,205,0.47453703703703703,C10A,C01B
baseline,332,326,0.9819277108433735,C10A,C01D
baseline,352,275,0.78125,C10A,C09A
baseline,365,232,0.6356164383561644,C10A,N05C
baseline,59,28,0.4745762711864407,D01A,J05A
baseline,181,161,0.8895027624309392,D07A,R01A
baseline,106,92,0.8679245283018868,M01A,C07A
baseline,86,71,0.8255813953488372,M01A,N01A
baseline,241,167,0.6929460580912863,N02A,A07E
baseline,1215,79,0.06502057613168724,N02A,B01A
baseline,331,275,0.8308157099697885,N02A,C09A
baseline,465,237,0.5096774193548387,N02A,N03A
baseline,510,358,0.7019607843137254,N02A,N05B
baseline,900,206,0.2288888888888889,N02B,C10A
baseline,136,121,0.8897058823529411,N02B,M01A
baseline,144,116,0.8055555555555556,N05C,A07E
baseline,145,113,0.7793103448275862,N05C,B03B
baseline,199,183,0.9195979899497487,N05C,C09A
baseline,308,124,0.4025974025974026,N05C,R01A
baseline,780,402,0.5153846153846153,N06A,B01A
baseline,448,361,0.8058035714285714,N06A,C10A
baseline,374,238,0.6363636363636364,N06A,N05C
baseline,334,215,0.6437125748502994,N06A,R01A
baseline,238,211,0.8865546218487395,R03A,D07A
baseline,216,141,0.6527777777777778,R03A,J01C
baseline,636,228,0.3584905660377358,R03A,R01A
no_ddi,884,213,0.2409502262443439,A01A,C10A
no_ddi,289,177,0.6124567474048442,A01A,D07A
no_ddi,114,82,0.7192982456140351,A01A,J01F
no_ddi,105,68,0.6476190476190476,A01A,M01A
no_ddi,543,175,0.32228360957642727,A01A,N03A
no_ddi,765,193,0.2522875816993464,A01A,R03A
no_ddi,344,156,0.45348837209302323,A02B,A07E
no_ddi,132,89,0.6742424242424242,A02B,M01A
no_ddi,649,370,0.5701078582434514,A02B,N05B
no_ddi,775,203,0.26193548387096777,A02B,N06A
no_ddi,354,163,0.4604519774011299,A06A,A07E
no_ddi,329,197,0.5987841945288754,A06A,D07A
no_ddi,817,211,0.2582619339045288,A06A,N06A
no_ddi,696,195,0.2801724137931034,A06A,R01A
no_ddi,69,27,0.391304347826087,A07E,J05A
no_ddi,346,158,0.45664739884393063,B01A,A07E
no_ddi,356,155,0.4353932584269663,B01A,C01D
no_ddi,490,260,0.5306122448979592,B01A,C09A
no_ddi,912,235,0.2576754385964912,B01A,C10A
no_ddi,314,186,0.5923566878980892,B01A,D07A
no_ddi,661,224,0.3388804841149773,B01A,N05C
no_ddi,658,178,0.270516717325228,B01A,R01A
no_ddi,176,103,0.5852272727272727,B03B,N05B
no_ddi,339,196,0.5781710914454278,C03C,C09A
no_ddi,661,195,0.2950075642965204,C03C,C10A
no_ddi,318,111,0.3490566037735849,C07A,A03F
no_ddi,250,141,0.564,C07A,A07E
no_ddi,921,117,0.1270358306188925,C07A,A12B
no_ddi,460,231,0.5021739130434782,C07A,C09A
no_ddi,812,168,0.20689655172413793,C07A,C10A
no_ddi,717,147,0.20502092050209206,C07A,J01D
no_ddi,589,229,0.38879456706281834,C07A,N06A
no_ddi,504,193,0.38293650793650796,C07A,R01A
no_ddi,432,194,0.44907407407407407,C10A,C01B
no_ddi,332,125,0.37650602409638556,C10A,C01D
no_ddi,352,163,0.4630681818181818,C10A,C09A
no_ddi,365,211,0.5780821917808219,C10A,N05C
no_ddi,59,29,0.4915254237288136,D01A,J05A
no_ddi,181,103,0.569060773480663,D07A,R01A
no_ddi,106,69,0.6509433962264151,M01A,C07A
no_ddi,86,50,0.5813953488372093,M01A,N01A
no_ddi,241,125,0.5186721991701245,N02A,A07E
no_ddi,1215,75,0.06172839506172839,N02A,B01A
no_ddi,331,203,0.6132930513595166,N02A,C09A
no_ddi,465,170,0.3655913978494624,N02A,N03A
no_ddi,510,306,0.6,N02A,N05B
no_ddi,900,238,0.2644444444444444,N02B,C10A
no_ddi,136,94,0.6911764705882353,N02B,M01A
no_ddi,144,85,0.5902777777777778,N05C,A07E
no_ddi,145,111,0.7655172413793103,N05C,B03B
no_ddi,199,158,0.7939698492462312,N05C,C09A
no_ddi,308,96,0.3116883116883117,N05C,R01A
no_ddi,780,200,0.2564102564102564,N06A,B01A
no_ddi,448,222,0.4955357142857143,N06A,C10A
no_ddi,374,182,0.48663101604278075,N06A,N05C
no_ddi,334,112,0.33532934131736525,N06A,R01A
no_ddi,238,139,0.5840336134453782,R03A,D07A
no_ddi,216,148,0.6851851851851852,R03A,J01C
no_ddi,636,165,0.25943396226415094,R03A,R01A
