variant,ccs_group,n_pairs,n_missed,miss_rate
W,2ndary malig,859,501,0.5832363213038417
W,Ac renl fail,336,162,0.48214285714285715
W,Acute CVD,920,508,0.5521739130434783
W,Acute MI,1558,678,0.43517329910141206
W,Adlt resp fl,1665,855,0.5135135135135135
W,Alcohol-related disorders,357,152,0.4257703081232493
W,Aneurysm,963,480,0.4984423676012461
W,Asp pneumon,841,441,0.5243757431629013
W,Complic devi,2172,1209,0.5566298342541437
W,Complic proc,1759,943,0.5361000568504832
W,Coron athero,1719,698,0.4060500290866783
W,DiabMel w/cm,552,302,0.5471014492753623
W,Dysrhythmia,837,422,0.5041816009557945
W,GI hemorrhag,696,382,0.5488505747126436
W,Hrt valve dx,1868,912,0.48822269807280516
W,Intracrn inj,525,317,0.6038095238095238
W,Oth liver dx,466,282,0.6051502145922747
W,Pneumonia,1168,564,0.4828767123287671
W,Septicemia,3425,1708,0.4986861313868613
W,chf;nonhp,2006,951,0.4740777666999003
W,기타(소규모),12744,7164,0.5621468926553672
W,미지정/매핑불가,323,205,0.6346749226006192
baseline,2ndary malig,859,556,0.6472642607683353
baseline,Ac renl fail,336,213,0.6339285714285714
baseline,Acute CVD,920,562,0.6108695652173913
baseline,Acute MI,1558,1032,0.6623876765083441
baseline,Adlt resp fl,1665,1079,0.648048048048048
baseline,Alcohol-related disorders,357,219,0.6134453781512605
baseline,Aneurysm,963,581,0.6033229491173416
baseline,Asp pneumon,841,521,0.619500594530321
baseline,Complic devi,2172,1401,0.6450276243093923
baseline,Complic proc,1759,1146,0.6515065378055713
baseline,Coron athero,1719,914,0.5317044793484584
baseline,DiabMel w/cm,552,361,0.6539855072463768
baseline,Dysrhythmia,837,574,0.6857825567502986
baseline,GI hemorrhag,696,422,0.6063218390804598
baseline,Hrt valve dx,1868,1111,0.5947537473233405
baseline,Intracrn inj,525,358,0.6819047619047619
baseline,Oth liver dx,466,261,0.5600858369098712
baseline,Pneumonia,1168,693,0.5933219178082192
baseline,Septicemia,3425,1939,0.5661313868613139
baseline,chf;nonhp,2006,1297,0.6465603190428714
baseline,기타(소규모),12744,8364,0.6563088512241054
baseline,미지정/매핑불가,323,215,0.6656346749226006
no_ddi,2ndary malig,859,500,0.5820721769499418
no_ddi,Ac renl fail,336,165,0.49107142857142855
no_ddi,Acute CVD,920,523,0.5684782608695652
no_ddi,Acute MI,1558,644,0.41335044929396664
no_ddi,Adlt resp fl,1665,701,0.421021021021021
no_ddi,Alcohol-related disorders,357,149,0.4173669467787115
no_ddi,Aneurysm,963,473,0.49117341640706125
no_ddi,Asp pneumon,841,409,0.4863258026159334
no_ddi,Complic devi,2172,1239,0.5704419889502762
no_ddi,Complic proc,1759,947,0.5383740761796475
no_ddi,Coron athero,1719,730,0.4246655031995346
no_ddi,DiabMel w/cm,552,311,0.5634057971014492
no_ddi,Dysrhythmia,837,441,0.5268817204301075
no_ddi,GI hemorrhag,696,377,0.5416666666666666
no_ddi,Hrt valve dx,1868,866,0.46359743040685225
no_ddi,Intracrn inj,525,305,0.580952380952381
no_ddi,Oth liver dx,466,266,0.5708154506437768
no_ddi,Pneumonia,1168,514,0.4400684931506849
no_ddi,Septicemia,3425,1786,0.5214598540145985
no_ddi,chf;nonhp,2006,1013,0.5049850448654037
no_ddi,기타(소규모),12744,6944,0.5448838669177652
no_ddi,미지정/매핑불가,323,174,0.5386996904024768
