variant,long_k10,n_visits,mean_excess_wl,mean_excess_other
W,0.0,171,0.008574365348098177,-0.013110690962415478
W,1.0,132,0.011408205205585843,-0.010137080176046519
W,2.0,240,0.01659969019450134,-0.012772685917861286
W,3.0,239,0.01567926372690804,-0.006236676227667749
W,4.0,345,0.014850652285393597,-0.010097207065025392
W,5.0,499,0.011640769190907214,-0.010707456405308756
W,6.0,99,0.0031503503300493152,-0.008021168760699075
W,7.0,89,0.01251797565993456,-0.007767054327960135
W,8.0,137,0.005741985176649676,-0.006132129074932981
W,9.0,239,0.009883719599637287,-0.008949858696797089
baseline,0.0,171,0.0024989712670286154,-0.03253299119029238
baseline,1.0,132,0.0030307570796065395,-0.017986475456291857
baseline,2.0,240,0.010680887698962787,-0.028262825811048983
baseline,3.0,239,0.006706323354875486,-0.021727678107420597
baseline,4.0,345,0.010680234363708917,-0.021583180300469424
baseline,5.0,499,0.006779497235955655,-0.0186299512383086
baseline,6.0,99,0.0005300133579448455,-0.012808647380989453
baseline,7.0,89,0.008948025804372565,-0.011940104817901491
baseline,8.0,137,0.006911523773736391,-0.01605177282716988
baseline,9.0,239,0.007188124523784966,-0.0203482036021678
no_ddi,0.0,171,0.005618916565582344,-0.011584086980540868
no_ddi,1.0,132,0.005153317067116068,-0.008678229056562754
no_ddi,2.0,240,0.013294454971632955,-0.010051123764553168
no_ddi,3.0,239,0.012168767180607724,-0.003925949216113789
no_ddi,4.0,345,0.010202087223477043,-0.00826992253379572
no_ddi,5.0,499,0.007956692985121364,-0.007693698215741501
no_ddi,6.0,99,0.0024187197514501575,-0.009891237745131768
no_ddi,7.0,89,0.007189123404892651,-0.008583270000438266
no_ddi,8.0,137,0.007618875194109755,-0.0075049082648773495
no_ddi,9.0,239,0.006577171048447731,-0.007818334569898272
