variant,long_k10,n_pairs,n_missed,miss_rate
W,0.0,2892,1365,0.47199170124481327
W,1.0,1796,956,0.532293986636971
W,2.0,4415,2228,0.504643261608154
W,3.0,3474,1822,0.5244674726540012
W,4.0,8418,4377,0.5199572344975053
W,5.0,9694,5219,0.5383742521147101
W,6.0,891,495,0.5555555555555556
W,7.0,701,390,0.5563480741797432
W,8.0,1241,706,0.5688960515713135
W,9.0,4237,2278,0.5376445598300684
baseline,0.0,2892,1775,0.613762102351314
baseline,1.0,1796,1172,0.6525612472160356
baseline,2.0,4415,2876,0.6514156285390713
baseline,3.0,3474,2302,0.662636729994243
baseline,4.0,8418,5219,0.6199809931100023
baseline,5.0,9694,6072,0.6263668248401073
baseline,6.0,891,554,0.621773288439955
baseline,7.0,701,388,0.5534950071326676
baseline,8.0,1241,796,0.6414182111200645
baseline,9.0,4237,2665,0.6289827708284164
no_ddi,0.0,2892,1291,0.4464038727524205
no_ddi,1.0,1796,980,0.5456570155902004
no_ddi,2.0,4415,2174,0.4924122310305776
no_ddi,3.0,3474,1795,0.5166954519286125
no_ddi,4.0,8418,4294,0.5100974103112378
no_ddi,5.0,9694,5085,0.5245512688260779
no_ddi,6.0,891,502,0.5634118967452301
no_ddi,7.0,701,405,0.5777460770328102
no_ddi,8.0,1241,696,0.5608380338436745
no_ddi,9.0,4237,2255,0.5322161907009677
